Product Key,Valid
CRB/QRF,1
CRB/CHaMPMetrics,1
CRB/GAA,0
CRB/context_layers,1
CRB/Watershed/Asotin/GRTS,1
CRB/Watershed/Asotin/Network/VBET,1
CRB/Watershed/Asotin/Network/RVD,1
CRB/Watershed/Asotin/Network/RCA,1
CRB/Watershed/Asotin/Network/BRAT,1
CRB/Watershed/Asotin/Network/WRAT,1
CRB/Watershed/Asotin/Network/GPP,1
CRB/Watershed/Asotin/Network/Capacity,1
CRB/Watershed/Asotin/Network/CONFINEMENT,1
CRB/Watershed/Asotin/Network/EC,1
CRB/Watershed/Asotin/Network/Solar,1
CRB/Watershed/Asotin/Network/GNAT,1
CRB/Watershed/Asotin/Network/StreamTemp/2011/StreamTempMin,1
CRB/Watershed/Asotin/Network/StreamTemp/2011/StreamTempMax,1
CRB/Watershed/Asotin/Network/StreamTemp/2011/StreamTempMean,1
CRB/Watershed/Asotin/Network/StreamTemp/2012/StreamTempMin,1
CRB/Watershed/Asotin/Network/StreamTemp/2012/StreamTempMax,1
CRB/Watershed/Asotin/Network/StreamTemp/2012/StreamTempMean,1
CRB/Watershed/Asotin/Network/StreamTemp/2013/StreamTempMin,1
CRB/Watershed/Asotin/Network/StreamTemp/2013/StreamTempMax,1
CRB/Watershed/Asotin/Network/StreamTemp/2013/StreamTempMean,1
CRB/Watershed/Asotin/Network/StreamTemp/2014/StreamTempMin,1
CRB/Watershed/Asotin/Network/StreamTemp/2014/StreamTempMax,1
CRB/Watershed/Asotin/Network/StreamTemp/2014/StreamTempMean,1
CRB/Watershed/Asotin/Network/StreamTemp/2015/StreamTempMin,1
CRB/Watershed/Asotin/Network/StreamTemp/2015/StreamTempMax,1
CRB/Watershed/Asotin/Network/StreamTemp/2015/StreamTempMean,1
CRB/Watershed/Asotin/Network/StreamTemp/2016/StreamTempMin,1
CRB/Watershed/Asotin/Network/StreamTemp/2016/StreamTempMax,1
CRB/Watershed/Asotin/Network/StreamTemp/2016/StreamTempMean,1
CRB/Watershed/Asotin/Network/StreamTemp/2017/StreamTempMin,1
CRB/Watershed/Asotin/Network/StreamTemp/2017/StreamTempMax,1
CRB/Watershed/Asotin/Network/StreamTemp/2017/StreamTempMean,1
CRB/Watershed/BrownleeReservoir/GRTS,1
CRB/Watershed/BrownleeReservoir/Network/VBET,1
CRB/Watershed/BrownleeReservoir/Network/RVD,1
CRB/Watershed/BrownleeReservoir/Network/RCA,1
CRB/Watershed/BrownleeReservoir/Network/BRAT,1
CRB/Watershed/BrownleeReservoir/Network/WRAT,1
CRB/Watershed/BrownleeReservoir/Network/GPP,1
CRB/Watershed/BrownleeReservoir/Network/Capacity,1
CRB/Watershed/BrownleeReservoir/Network/CONFINEMENT,1
CRB/Watershed/BrownleeReservoir/Network/EC,1
CRB/Watershed/BrownleeReservoir/Network/Solar,1
CRB/Watershed/BrownleeReservoir/Network/GNAT,1
CRB/Watershed/BrownleeReservoir/Network/StreamTemp/2011/StreamTempMin,1
CRB/Watershed/BrownleeReservoir/Network/StreamTemp/2011/StreamTempMax,1
CRB/Watershed/BrownleeReservoir/Network/StreamTemp/2011/StreamTempMean,1
CRB/Watershed/BrownleeReservoir/Network/StreamTemp/2012/StreamTempMin,1
CRB/Watershed/BrownleeReservoir/Network/StreamTemp/2012/StreamTempMax,1
CRB/Watershed/BrownleeReservoir/Network/StreamTemp/2012/StreamTempMean,1
CRB/Watershed/BrownleeReservoir/Network/StreamTemp/2013/StreamTempMin,1
CRB/Watershed/BrownleeReservoir/Network/StreamTemp/2013/StreamTempMax,1
CRB/Watershed/BrownleeReservoir/Network/StreamTemp/2013/StreamTempMean,1
CRB/Watershed/BrownleeReservoir/Network/StreamTemp/2014/StreamTempMin,1
CRB/Watershed/BrownleeReservoir/Network/StreamTemp/2014/StreamTempMax,1
CRB/Watershed/BrownleeReservoir/Network/StreamTemp/2014/StreamTempMean,1
CRB/Watershed/BrownleeReservoir/Network/StreamTemp/2015/StreamTempMin,1
CRB/Watershed/BrownleeReservoir/Network/StreamTemp/2015/StreamTempMax,1
CRB/Watershed/BrownleeReservoir/Network/StreamTemp/2015/StreamTempMean,1
CRB/Watershed/BrownleeReservoir/Network/StreamTemp/2016/StreamTempMin,1
CRB/Watershed/BrownleeReservoir/Network/StreamTemp/2016/StreamTempMax,1
CRB/Watershed/BrownleeReservoir/Network/StreamTemp/2016/StreamTempMean,1
CRB/Watershed/BrownleeReservoir/Network/StreamTemp/2017/StreamTempMin,1
CRB/Watershed/BrownleeReservoir/Network/StreamTemp/2017/StreamTempMax,1
CRB/Watershed/BrownleeReservoir/Network/StreamTemp/2017/StreamTempMean,1
CRB/Watershed/BigNavarroGarcia/GRTS,1
CRB/Watershed/BigNavarroGarcia/Network/VBET,1
CRB/Watershed/BigNavarroGarcia/Network/RVD,1
CRB/Watershed/BigNavarroGarcia/Network/RCA,1
CRB/Watershed/BigNavarroGarcia/Network/BRAT,1
CRB/Watershed/BigNavarroGarcia/Network/WRAT,1
CRB/Watershed/BigNavarroGarcia/Network/GPP,1
CRB/Watershed/BigNavarroGarcia/Network/Capacity,1
CRB/Watershed/BigNavarroGarcia/Network/CONFINEMENT,1
CRB/Watershed/BigNavarroGarcia/Network/EC,1
CRB/Watershed/BigNavarroGarcia/Network/Solar,1
CRB/Watershed/BigNavarroGarcia/Network/GNAT,1
CRB/Watershed/BigNavarroGarcia/Network/StreamTemp/2011/StreamTempMin,1
CRB/Watershed/BigNavarroGarcia/Network/StreamTemp/2011/StreamTempMax,1
CRB/Watershed/BigNavarroGarcia/Network/StreamTemp/2011/StreamTempMean,1
CRB/Watershed/BigNavarroGarcia/Network/StreamTemp/2012/StreamTempMin,1
CRB/Watershed/BigNavarroGarcia/Network/StreamTemp/2012/StreamTempMax,1
CRB/Watershed/BigNavarroGarcia/Network/StreamTemp/2012/StreamTempMean,1
CRB/Watershed/BigNavarroGarcia/Network/StreamTemp/2013/StreamTempMin,1
CRB/Watershed/BigNavarroGarcia/Network/StreamTemp/2013/StreamTempMax,1
CRB/Watershed/BigNavarroGarcia/Network/StreamTemp/2013/StreamTempMean,1
CRB/Watershed/BigNavarroGarcia/Network/StreamTemp/2014/StreamTempMin,1
CRB/Watershed/BigNavarroGarcia/Network/StreamTemp/2014/StreamTempMax,1
CRB/Watershed/BigNavarroGarcia/Network/StreamTemp/2014/StreamTempMean,1
CRB/Watershed/BigNavarroGarcia/Network/StreamTemp/2015/StreamTempMin,1
CRB/Watershed/BigNavarroGarcia/Network/StreamTemp/2015/StreamTempMax,1
CRB/Watershed/BigNavarroGarcia/Network/StreamTemp/2015/StreamTempMean,1
CRB/Watershed/BigNavarroGarcia/Network/StreamTemp/2016/StreamTempMin,1
CRB/Watershed/BigNavarroGarcia/Network/StreamTemp/2016/StreamTempMax,1
CRB/Watershed/BigNavarroGarcia/Network/StreamTemp/2016/StreamTempMean,1
CRB/Watershed/BigNavarroGarcia/Network/StreamTemp/2017/StreamTempMin,1
CRB/Watershed/BigNavarroGarcia/Network/StreamTemp/2017/StreamTempMax,1
CRB/Watershed/BigNavarroGarcia/Network/StreamTemp/2017/StreamTempMean,1
CRB/Watershed/Clearwater/GRTS,1
CRB/Watershed/Clearwater/Network/VBET,1
CRB/Watershed/Clearwater/Network/RVD,1
CRB/Watershed/Clearwater/Network/RCA,1
CRB/Watershed/Clearwater/Network/BRAT,1
CRB/Watershed/Clearwater/Network/WRAT,1
CRB/Watershed/Clearwater/Network/GPP,1
CRB/Watershed/Clearwater/Network/Capacity,1
CRB/Watershed/Clearwater/Network/CONFINEMENT,1
CRB/Watershed/Clearwater/Network/EC,1
CRB/Watershed/Clearwater/Network/Solar,1
CRB/Watershed/Clearwater/Network/GNAT,1
CRB/Watershed/Clearwater/Network/StreamTemp/2011/StreamTempMin,1
CRB/Watershed/Clearwater/Network/StreamTemp/2011/StreamTempMax,1
CRB/Watershed/Clearwater/Network/StreamTemp/2011/StreamTempMean,1
CRB/Watershed/Clearwater/Network/StreamTemp/2012/StreamTempMin,1
CRB/Watershed/Clearwater/Network/StreamTemp/2012/StreamTempMax,1
CRB/Watershed/Clearwater/Network/StreamTemp/2012/StreamTempMean,1
CRB/Watershed/Clearwater/Network/StreamTemp/2013/StreamTempMin,1
CRB/Watershed/Clearwater/Network/StreamTemp/2013/StreamTempMax,1
CRB/Watershed/Clearwater/Network/StreamTemp/2013/StreamTempMean,1
CRB/Watershed/Clearwater/Network/StreamTemp/2014/StreamTempMin,1
CRB/Watershed/Clearwater/Network/StreamTemp/2014/StreamTempMax,1
CRB/Watershed/Clearwater/Network/StreamTemp/2014/StreamTempMean,1
CRB/Watershed/Clearwater/Network/StreamTemp/2015/StreamTempMin,1
CRB/Watershed/Clearwater/Network/StreamTemp/2015/StreamTempMax,1
CRB/Watershed/Clearwater/Network/StreamTemp/2015/StreamTempMean,1
CRB/Watershed/Clearwater/Network/StreamTemp/2016/StreamTempMin,1
CRB/Watershed/Clearwater/Network/StreamTemp/2016/StreamTempMax,1
CRB/Watershed/Clearwater/Network/StreamTemp/2016/StreamTempMean,1
CRB/Watershed/Clearwater/Network/StreamTemp/2017/StreamTempMin,1
CRB/Watershed/Clearwater/Network/StreamTemp/2017/StreamTempMax,1
CRB/Watershed/Clearwater/Network/StreamTemp/2017/StreamTempMean,1
CRB/Watershed/Entiat/GRTS,1
CRB/Watershed/Entiat/Network/VBET,1
CRB/Watershed/Entiat/Network/RVD,1
CRB/Watershed/Entiat/Network/RCA,1
CRB/Watershed/Entiat/Network/BRAT,1
CRB/Watershed/Entiat/Network/WRAT,1
CRB/Watershed/Entiat/Network/GPP,1
CRB/Watershed/Entiat/Network/Capacity,1
CRB/Watershed/Entiat/Network/CONFINEMENT,1
CRB/Watershed/Entiat/Network/EC,1
CRB/Watershed/Entiat/Network/Solar,1
CRB/Watershed/Entiat/Network/GNAT,1
CRB/Watershed/Entiat/Network/StreamTemp/2011/StreamTempMin,1
CRB/Watershed/Entiat/Network/StreamTemp/2011/StreamTempMax,1
CRB/Watershed/Entiat/Network/StreamTemp/2011/StreamTempMean,1
CRB/Watershed/Entiat/Network/StreamTemp/2012/StreamTempMin,1
CRB/Watershed/Entiat/Network/StreamTemp/2012/StreamTempMax,1
CRB/Watershed/Entiat/Network/StreamTemp/2012/StreamTempMean,1
CRB/Watershed/Entiat/Network/StreamTemp/2013/StreamTempMin,1
CRB/Watershed/Entiat/Network/StreamTemp/2013/StreamTempMax,1
CRB/Watershed/Entiat/Network/StreamTemp/2013/StreamTempMean,1
CRB/Watershed/Entiat/Network/StreamTemp/2014/StreamTempMin,1
CRB/Watershed/Entiat/Network/StreamTemp/2014/StreamTempMax,1
CRB/Watershed/Entiat/Network/StreamTemp/2014/StreamTempMean,1
CRB/Watershed/Entiat/Network/StreamTemp/2015/StreamTempMin,1
CRB/Watershed/Entiat/Network/StreamTemp/2015/StreamTempMax,1
CRB/Watershed/Entiat/Network/StreamTemp/2015/StreamTempMean,1
CRB/Watershed/Entiat/Network/StreamTemp/2016/StreamTempMin,1
CRB/Watershed/Entiat/Network/StreamTemp/2016/StreamTempMax,1
CRB/Watershed/Entiat/Network/StreamTemp/2016/StreamTempMean,1
CRB/Watershed/Entiat/Network/StreamTemp/2017/StreamTempMin,1
CRB/Watershed/Entiat/Network/StreamTemp/2017/StreamTempMax,1
CRB/Watershed/Entiat/Network/StreamTemp/2017/StreamTempMean,1
CRB/Watershed/HellsCanyon/GRTS,1
CRB/Watershed/HellsCanyon/Network/VBET,1
CRB/Watershed/HellsCanyon/Network/RVD,1
CRB/Watershed/HellsCanyon/Network/RCA,1
CRB/Watershed/HellsCanyon/Network/BRAT,1
CRB/Watershed/HellsCanyon/Network/WRAT,1
CRB/Watershed/HellsCanyon/Network/GPP,1
CRB/Watershed/HellsCanyon/Network/Capacity,1
CRB/Watershed/HellsCanyon/Network/CONFINEMENT,1
CRB/Watershed/HellsCanyon/Network/EC,1
CRB/Watershed/HellsCanyon/Network/Solar,1
CRB/Watershed/HellsCanyon/Network/GNAT,1
CRB/Watershed/HellsCanyon/Network/StreamTemp/2011/StreamTempMin,1
CRB/Watershed/HellsCanyon/Network/StreamTemp/2011/StreamTempMax,1
CRB/Watershed/HellsCanyon/Network/StreamTemp/2011/StreamTempMean,1
CRB/Watershed/HellsCanyon/Network/StreamTemp/2012/StreamTempMin,1
CRB/Watershed/HellsCanyon/Network/StreamTemp/2012/StreamTempMax,1
CRB/Watershed/HellsCanyon/Network/StreamTemp/2012/StreamTempMean,1
CRB/Watershed/HellsCanyon/Network/StreamTemp/2013/StreamTempMin,1
CRB/Watershed/HellsCanyon/Network/StreamTemp/2013/StreamTempMax,1
CRB/Watershed/HellsCanyon/Network/StreamTemp/2013/StreamTempMean,1
CRB/Watershed/HellsCanyon/Network/StreamTemp/2014/StreamTempMin,1
CRB/Watershed/HellsCanyon/Network/StreamTemp/2014/StreamTempMax,1
CRB/Watershed/HellsCanyon/Network/StreamTemp/2014/StreamTempMean,1
CRB/Watershed/HellsCanyon/Network/StreamTemp/2015/StreamTempMin,1
CRB/Watershed/HellsCanyon/Network/StreamTemp/2015/StreamTempMax,1
CRB/Watershed/HellsCanyon/Network/StreamTemp/2015/StreamTempMean,1
CRB/Watershed/HellsCanyon/Network/StreamTemp/2016/StreamTempMin,1
CRB/Watershed/HellsCanyon/Network/StreamTemp/2016/StreamTempMax,1
CRB/Watershed/HellsCanyon/Network/StreamTemp/2016/StreamTempMean,1
CRB/Watershed/HellsCanyon/Network/StreamTemp/2017/StreamTempMin,1
CRB/Watershed/HellsCanyon/Network/StreamTemp/2017/StreamTempMax,1
CRB/Watershed/HellsCanyon/Network/StreamTemp/2017/StreamTempMean,1
CRB/Watershed/Imnaha/GRTS,1
CRB/Watershed/Imnaha/Network/VBET,1
CRB/Watershed/Imnaha/Network/RVD,1
CRB/Watershed/Imnaha/Network/RCA,1
CRB/Watershed/Imnaha/Network/BRAT,1
CRB/Watershed/Imnaha/Network/WRAT,1
CRB/Watershed/Imnaha/Network/GPP,1
CRB/Watershed/Imnaha/Network/Capacity,1
CRB/Watershed/Imnaha/Network/CONFINEMENT,1
CRB/Watershed/Imnaha/Network/EC,1
CRB/Watershed/Imnaha/Network/Solar,1
CRB/Watershed/Imnaha/Network/GNAT,1
CRB/Watershed/Imnaha/Network/StreamTemp/2011/StreamTempMin,1
CRB/Watershed/Imnaha/Network/StreamTemp/2011/StreamTempMax,1
CRB/Watershed/Imnaha/Network/StreamTemp/2011/StreamTempMean,1
CRB/Watershed/Imnaha/Network/StreamTemp/2012/StreamTempMin,1
CRB/Watershed/Imnaha/Network/StreamTemp/2012/StreamTempMax,1
CRB/Watershed/Imnaha/Network/StreamTemp/2012/StreamTempMean,1
CRB/Watershed/Imnaha/Network/StreamTemp/2013/StreamTempMin,1
CRB/Watershed/Imnaha/Network/StreamTemp/2013/StreamTempMax,1
CRB/Watershed/Imnaha/Network/StreamTemp/2013/StreamTempMean,1
CRB/Watershed/Imnaha/Network/StreamTemp/2014/StreamTempMin,1
CRB/Watershed/Imnaha/Network/StreamTemp/2014/StreamTempMax,1
CRB/Watershed/Imnaha/Network/StreamTemp/2014/StreamTempMean,1
CRB/Watershed/Imnaha/Network/StreamTemp/2015/StreamTempMin,1
CRB/Watershed/Imnaha/Network/StreamTemp/2015/StreamTempMax,1
CRB/Watershed/Imnaha/Network/StreamTemp/2015/StreamTempMean,1
CRB/Watershed/Imnaha/Network/StreamTemp/2016/StreamTempMin,1
CRB/Watershed/Imnaha/Network/StreamTemp/2016/StreamTempMax,1
CRB/Watershed/Imnaha/Network/StreamTemp/2016/StreamTempMean,1
CRB/Watershed/Imnaha/Network/StreamTemp/2017/StreamTempMin,1
CRB/Watershed/Imnaha/Network/StreamTemp/2017/StreamTempMax,1
CRB/Watershed/Imnaha/Network/StreamTemp/2017/StreamTempMean,1
CRB/Watershed/Klickitat/GRTS,1
CRB/Watershed/Klickitat/Network/VBET,1
CRB/Watershed/Klickitat/Network/RVD,1
CRB/Watershed/Klickitat/Network/RCA,1
CRB/Watershed/Klickitat/Network/BRAT,1
CRB/Watershed/Klickitat/Network/WRAT,1
CRB/Watershed/Klickitat/Network/GPP,1
CRB/Watershed/Klickitat/Network/Capacity,1
CRB/Watershed/Klickitat/Network/CONFINEMENT,1
CRB/Watershed/Klickitat/Network/EC,1
CRB/Watershed/Klickitat/Network/Solar,1
CRB/Watershed/Klickitat/Network/GNAT,1
CRB/Watershed/Klickitat/Network/StreamTemp/2011/StreamTempMin,1
CRB/Watershed/Klickitat/Network/StreamTemp/2011/StreamTempMax,1
CRB/Watershed/Klickitat/Network/StreamTemp/2011/StreamTempMean,1
CRB/Watershed/Klickitat/Network/StreamTemp/2012/StreamTempMin,1
CRB/Watershed/Klickitat/Network/StreamTemp/2012/StreamTempMax,1
CRB/Watershed/Klickitat/Network/StreamTemp/2012/StreamTempMean,1
CRB/Watershed/Klickitat/Network/StreamTemp/2013/StreamTempMin,1
CRB/Watershed/Klickitat/Network/StreamTemp/2013/StreamTempMax,1
CRB/Watershed/Klickitat/Network/StreamTemp/2013/StreamTempMean,1
CRB/Watershed/Klickitat/Network/StreamTemp/2014/StreamTempMin,1
CRB/Watershed/Klickitat/Network/StreamTemp/2014/StreamTempMax,1
CRB/Watershed/Klickitat/Network/StreamTemp/2014/StreamTempMean,1
CRB/Watershed/Klickitat/Network/StreamTemp/2015/StreamTempMin,1
CRB/Watershed/Klickitat/Network/StreamTemp/2015/StreamTempMax,1
CRB/Watershed/Klickitat/Network/StreamTemp/2015/StreamTempMean,1
CRB/Watershed/Klickitat/Network/StreamTemp/2016/StreamTempMin,1
CRB/Watershed/Klickitat/Network/StreamTemp/2016/StreamTempMax,1
CRB/Watershed/Klickitat/Network/StreamTemp/2016/StreamTempMean,1
CRB/Watershed/Klickitat/Network/StreamTemp/2017/StreamTempMin,1
CRB/Watershed/Klickitat/Network/StreamTemp/2017/StreamTempMax,1
CRB/Watershed/Klickitat/Network/StreamTemp/2017/StreamTempMean,1
CRB/Watershed/Lemhi/GRTS,1
CRB/Watershed/Lemhi/Network/VBET,1
CRB/Watershed/Lemhi/Network/RVD,1
CRB/Watershed/Lemhi/Network/RCA,1
CRB/Watershed/Lemhi/Network/BRAT,1
CRB/Watershed/Lemhi/Network/WRAT,1
CRB/Watershed/Lemhi/Network/GPP,1
CRB/Watershed/Lemhi/Network/Capacity,1
CRB/Watershed/Lemhi/Network/CONFINEMENT,1
CRB/Watershed/Lemhi/Network/EC,1
CRB/Watershed/Lemhi/Network/Solar,1
CRB/Watershed/Lemhi/Network/GNAT,1
CRB/Watershed/Lemhi/Network/StreamTemp/2011/StreamTempMin,1
CRB/Watershed/Lemhi/Network/StreamTemp/2011/StreamTempMax,1
CRB/Watershed/Lemhi/Network/StreamTemp/2011/StreamTempMean,1
CRB/Watershed/Lemhi/Network/StreamTemp/2012/StreamTempMin,1
CRB/Watershed/Lemhi/Network/StreamTemp/2012/StreamTempMax,1
CRB/Watershed/Lemhi/Network/StreamTemp/2012/StreamTempMean,1
CRB/Watershed/Lemhi/Network/StreamTemp/2013/StreamTempMin,1
CRB/Watershed/Lemhi/Network/StreamTemp/2013/StreamTempMax,1
CRB/Watershed/Lemhi/Network/StreamTemp/2013/StreamTempMean,1
CRB/Watershed/Lemhi/Network/StreamTemp/2014/StreamTempMin,1
CRB/Watershed/Lemhi/Network/StreamTemp/2014/StreamTempMax,1
CRB/Watershed/Lemhi/Network/StreamTemp/2014/StreamTempMean,1
CRB/Watershed/Lemhi/Network/StreamTemp/2015/StreamTempMin,1
CRB/Watershed/Lemhi/Network/StreamTemp/2015/StreamTempMax,1
CRB/Watershed/Lemhi/Network/StreamTemp/2015/StreamTempMean,1
CRB/Watershed/Lemhi/Network/StreamTemp/2016/StreamTempMin,1
CRB/Watershed/Lemhi/Network/StreamTemp/2016/StreamTempMax,1
CRB/Watershed/Lemhi/Network/StreamTemp/2016/StreamTempMean,1
CRB/Watershed/Lemhi/Network/StreamTemp/2017/StreamTempMin,1
CRB/Watershed/Lemhi/Network/StreamTemp/2017/StreamTempMax,1
CRB/Watershed/Lemhi/Network/StreamTemp/2017/StreamTempMean,1
CRB/Watershed/LittleSalmon/GRTS,1
CRB/Watershed/LittleSalmon/Network/VBET,1
CRB/Watershed/LittleSalmon/Network/RVD,1
CRB/Watershed/LittleSalmon/Network/RCA,1
CRB/Watershed/LittleSalmon/Network/BRAT,1
CRB/Watershed/LittleSalmon/Network/WRAT,1
CRB/Watershed/LittleSalmon/Network/GPP,1
CRB/Watershed/LittleSalmon/Network/Capacity,1
CRB/Watershed/LittleSalmon/Network/CONFINEMENT,1
CRB/Watershed/LittleSalmon/Network/EC,1
CRB/Watershed/LittleSalmon/Network/Solar,1
CRB/Watershed/LittleSalmon/Network/GNAT,1
CRB/Watershed/LittleSalmon/Network/StreamTemp/2011/StreamTempMin,1
CRB/Watershed/LittleSalmon/Network/StreamTemp/2011/StreamTempMax,1
CRB/Watershed/LittleSalmon/Network/StreamTemp/2011/StreamTempMean,1
CRB/Watershed/LittleSalmon/Network/StreamTemp/2012/StreamTempMin,1
CRB/Watershed/LittleSalmon/Network/StreamTemp/2012/StreamTempMax,1
CRB/Watershed/LittleSalmon/Network/StreamTemp/2012/StreamTempMean,1
CRB/Watershed/LittleSalmon/Network/StreamTemp/2013/StreamTempMin,1
CRB/Watershed/LittleSalmon/Network/StreamTemp/2013/StreamTempMax,1
CRB/Watershed/LittleSalmon/Network/StreamTemp/2013/StreamTempMean,1
CRB/Watershed/LittleSalmon/Network/StreamTemp/2014/StreamTempMin,1
CRB/Watershed/LittleSalmon/Network/StreamTemp/2014/StreamTempMax,1
CRB/Watershed/LittleSalmon/Network/StreamTemp/2014/StreamTempMean,1
CRB/Watershed/LittleSalmon/Network/StreamTemp/2015/StreamTempMin,1
CRB/Watershed/LittleSalmon/Network/StreamTemp/2015/StreamTempMax,1
CRB/Watershed/LittleSalmon/Network/StreamTemp/2015/StreamTempMean,1
CRB/Watershed/LittleSalmon/Network/StreamTemp/2016/StreamTempMin,1
CRB/Watershed/LittleSalmon/Network/StreamTemp/2016/StreamTempMax,1
CRB/Watershed/LittleSalmon/Network/StreamTemp/2016/StreamTempMean,1
CRB/Watershed/LittleSalmon/Network/StreamTemp/2017/StreamTempMin,1
CRB/Watershed/LittleSalmon/Network/StreamTemp/2017/StreamTempMax,1
CRB/Watershed/LittleSalmon/Network/StreamTemp/2017/StreamTempMean,1
CRB/Watershed/Lochsa/GRTS,1
CRB/Watershed/Lochsa/Network/VBET,1
CRB/Watershed/Lochsa/Network/RVD,1
CRB/Watershed/Lochsa/Network/RCA,1
CRB/Watershed/Lochsa/Network/BRAT,1
CRB/Watershed/Lochsa/Network/WRAT,1
CRB/Watershed/Lochsa/Network/GPP,1
CRB/Watershed/Lochsa/Network/Capacity,1
CRB/Watershed/Lochsa/Network/CONFINEMENT,1
CRB/Watershed/Lochsa/Network/EC,1
CRB/Watershed/Lochsa/Network/Solar,1
CRB/Watershed/Lochsa/Network/GNAT,1
CRB/Watershed/Lochsa/Network/StreamTemp/2011/StreamTempMin,1
CRB/Watershed/Lochsa/Network/StreamTemp/2011/StreamTempMax,1
CRB/Watershed/Lochsa/Network/StreamTemp/2011/StreamTempMean,1
CRB/Watershed/Lochsa/Network/StreamTemp/2012/StreamTempMin,1
CRB/Watershed/Lochsa/Network/StreamTemp/2012/StreamTempMax,1
CRB/Watershed/Lochsa/Network/StreamTemp/2012/StreamTempMean,1
CRB/Watershed/Lochsa/Network/StreamTemp/2013/StreamTempMin,1
CRB/Watershed/Lochsa/Network/StreamTemp/2013/StreamTempMax,1
CRB/Watershed/Lochsa/Network/StreamTemp/2013/StreamTempMean,1
CRB/Watershed/Lochsa/Network/StreamTemp/2014/StreamTempMin,1
CRB/Watershed/Lochsa/Network/StreamTemp/2014/StreamTempMax,1
CRB/Watershed/Lochsa/Network/StreamTemp/2014/StreamTempMean,1
CRB/Watershed/Lochsa/Network/StreamTemp/2015/StreamTempMin,1
CRB/Watershed/Lochsa/Network/StreamTemp/2015/StreamTempMax,1
CRB/Watershed/Lochsa/Network/StreamTemp/2015/StreamTempMean,1
CRB/Watershed/Lochsa/Network/StreamTemp/2016/StreamTempMin,1
CRB/Watershed/Lochsa/Network/StreamTemp/2016/StreamTempMax,1
CRB/Watershed/Lochsa/Network/StreamTemp/2016/StreamTempMean,1
CRB/Watershed/Lochsa/Network/StreamTemp/2017/StreamTempMin,1
CRB/Watershed/Lochsa/Network/StreamTemp/2017/StreamTempMax,1
CRB/Watershed/Lochsa/Network/StreamTemp/2017/StreamTempMean,1
CRB/Watershed/Lolo/GRTS,1
CRB/Watershed/Lolo/Network/VBET,1
CRB/Watershed/Lolo/Network/RVD,1
CRB/Watershed/Lolo/Network/RCA,1
CRB/Watershed/Lolo/Network/BRAT,1
CRB/Watershed/Lolo/Network/WRAT,1
CRB/Watershed/Lolo/Network/GPP,1
CRB/Watershed/Lolo/Network/Capacity,1
CRB/Watershed/Lolo/Network/CONFINEMENT,1
CRB/Watershed/Lolo/Network/EC,1
CRB/Watershed/Lolo/Network/Solar,1
CRB/Watershed/Lolo/Network/GNAT,1
CRB/Watershed/Lolo/Network/StreamTemp/2011/StreamTempMin,1
CRB/Watershed/Lolo/Network/StreamTemp/2011/StreamTempMax,1
CRB/Watershed/Lolo/Network/StreamTemp/2011/StreamTempMean,1
CRB/Watershed/Lolo/Network/StreamTemp/2012/StreamTempMin,1
CRB/Watershed/Lolo/Network/StreamTemp/2012/StreamTempMax,1
CRB/Watershed/Lolo/Network/StreamTemp/2012/StreamTempMean,1
CRB/Watershed/Lolo/Network/StreamTemp/2013/StreamTempMin,1
CRB/Watershed/Lolo/Network/StreamTemp/2013/StreamTempMax,1
CRB/Watershed/Lolo/Network/StreamTemp/2013/StreamTempMean,1
CRB/Watershed/Lolo/Network/StreamTemp/2014/StreamTempMin,1
CRB/Watershed/Lolo/Network/StreamTemp/2014/StreamTempMax,1
CRB/Watershed/Lolo/Network/StreamTemp/2014/StreamTempMean,1
CRB/Watershed/Lolo/Network/StreamTemp/2015/StreamTempMin,1
CRB/Watershed/Lolo/Network/StreamTemp/2015/StreamTempMax,1
CRB/Watershed/Lolo/Network/StreamTemp/2015/StreamTempMean,1
CRB/Watershed/Lolo/Network/StreamTemp/2016/StreamTempMin,1
CRB/Watershed/Lolo/Network/StreamTemp/2016/StreamTempMax,1
CRB/Watershed/Lolo/Network/StreamTemp/2016/StreamTempMean,1
CRB/Watershed/Lolo/Network/StreamTemp/2017/StreamTempMin,1
CRB/Watershed/Lolo/Network/StreamTemp/2017/StreamTempMax,1
CRB/Watershed/Lolo/Network/StreamTemp/2017/StreamTempMean,1
CRB/Watershed/LowerClearwater/GRTS,1
CRB/Watershed/LowerClearwater/Network/VBET,1
CRB/Watershed/LowerClearwater/Network/RVD,1
CRB/Watershed/LowerClearwater/Network/RCA,1
CRB/Watershed/LowerClearwater/Network/BRAT,1
CRB/Watershed/LowerClearwater/Network/WRAT,1
CRB/Watershed/LowerClearwater/Network/GPP,1
CRB/Watershed/LowerClearwater/Network/Capacity,1
CRB/Watershed/LowerClearwater/Network/CONFINEMENT,1
CRB/Watershed/LowerClearwater/Network/EC,1
CRB/Watershed/LowerClearwater/Network/Solar,1
CRB/Watershed/LowerClearwater/Network/GNAT,1
CRB/Watershed/LowerClearwater/Network/StreamTemp/2011/StreamTempMin,1
CRB/Watershed/LowerClearwater/Network/StreamTemp/2011/StreamTempMax,1
CRB/Watershed/LowerClearwater/Network/StreamTemp/2011/StreamTempMean,1
CRB/Watershed/LowerClearwater/Network/StreamTemp/2012/StreamTempMin,1
CRB/Watershed/LowerClearwater/Network/StreamTemp/2012/StreamTempMax,1
CRB/Watershed/LowerClearwater/Network/StreamTemp/2012/StreamTempMean,1
CRB/Watershed/LowerClearwater/Network/StreamTemp/2013/StreamTempMin,1
CRB/Watershed/LowerClearwater/Network/StreamTemp/2013/StreamTempMax,1
CRB/Watershed/LowerClearwater/Network/StreamTemp/2013/StreamTempMean,1
CRB/Watershed/LowerClearwater/Network/StreamTemp/2014/StreamTempMin,1
CRB/Watershed/LowerClearwater/Network/StreamTemp/2014/StreamTempMax,1
CRB/Watershed/LowerClearwater/Network/StreamTemp/2014/StreamTempMean,1
CRB/Watershed/LowerClearwater/Network/StreamTemp/2015/StreamTempMin,1
CRB/Watershed/LowerClearwater/Network/StreamTemp/2015/StreamTempMax,1
CRB/Watershed/LowerClearwater/Network/StreamTemp/2015/StreamTempMean,1
CRB/Watershed/LowerClearwater/Network/StreamTemp/2016/StreamTempMin,1
CRB/Watershed/LowerClearwater/Network/StreamTemp/2016/StreamTempMax,1
CRB/Watershed/LowerClearwater/Network/StreamTemp/2016/StreamTempMean,1
CRB/Watershed/LowerClearwater/Network/StreamTemp/2017/StreamTempMin,1
CRB/Watershed/LowerClearwater/Network/StreamTemp/2017/StreamTempMax,1
CRB/Watershed/LowerClearwater/Network/StreamTemp/2017/StreamTempMean,1
CRB/Watershed/LowerGrandeRonde/GRTS,1
CRB/Watershed/LowerGrandeRonde/Network/VBET,1
CRB/Watershed/LowerGrandeRonde/Network/RVD,1
CRB/Watershed/LowerGrandeRonde/Network/RCA,1
CRB/Watershed/LowerGrandeRonde/Network/BRAT,1
CRB/Watershed/LowerGrandeRonde/Network/WRAT,1
CRB/Watershed/LowerGrandeRonde/Network/GPP,1
CRB/Watershed/LowerGrandeRonde/Network/Capacity,1
CRB/Watershed/LowerGrandeRonde/Network/CONFINEMENT,1
CRB/Watershed/LowerGrandeRonde/Network/EC,1
CRB/Watershed/LowerGrandeRonde/Network/Solar,1
CRB/Watershed/LowerGrandeRonde/Network/GNAT,1
CRB/Watershed/LowerGrandeRonde/Network/StreamTemp/2011/StreamTempMin,1
CRB/Watershed/LowerGrandeRonde/Network/StreamTemp/2011/StreamTempMax,1
CRB/Watershed/LowerGrandeRonde/Network/StreamTemp/2011/StreamTempMean,1
CRB/Watershed/LowerGrandeRonde/Network/StreamTemp/2012/StreamTempMin,1
CRB/Watershed/LowerGrandeRonde/Network/StreamTemp/2012/StreamTempMax,1
CRB/Watershed/LowerGrandeRonde/Network/StreamTemp/2012/StreamTempMean,1
CRB/Watershed/LowerGrandeRonde/Network/StreamTemp/2013/StreamTempMin,1
CRB/Watershed/LowerGrandeRonde/Network/StreamTemp/2013/StreamTempMax,1
CRB/Watershed/LowerGrandeRonde/Network/StreamTemp/2013/StreamTempMean,1
CRB/Watershed/LowerGrandeRonde/Network/StreamTemp/2014/StreamTempMin,1
CRB/Watershed/LowerGrandeRonde/Network/StreamTemp/2014/StreamTempMax,1
CRB/Watershed/LowerGrandeRonde/Network/StreamTemp/2014/StreamTempMean,1
CRB/Watershed/LowerGrandeRonde/Network/StreamTemp/2015/StreamTempMin,1
CRB/Watershed/LowerGrandeRonde/Network/StreamTemp/2015/StreamTempMax,1
CRB/Watershed/LowerGrandeRonde/Network/StreamTemp/2015/StreamTempMean,1
CRB/Watershed/LowerGrandeRonde/Network/StreamTemp/2016/StreamTempMin,1
CRB/Watershed/LowerGrandeRonde/Network/StreamTemp/2016/StreamTempMax,1
CRB/Watershed/LowerGrandeRonde/Network/StreamTemp/2016/StreamTempMean,1
CRB/Watershed/LowerGrandeRonde/Network/StreamTemp/2017/StreamTempMin,1
CRB/Watershed/LowerGrandeRonde/Network/StreamTemp/2017/StreamTempMax,1
CRB/Watershed/LowerGrandeRonde/Network/StreamTemp/2017/StreamTempMean,1
CRB/Watershed/LowerJohnDay/GRTS,1
CRB/Watershed/LowerJohnDay/Network/VBET,1
CRB/Watershed/LowerJohnDay/Network/RVD,1
CRB/Watershed/LowerJohnDay/Network/RCA,1
CRB/Watershed/LowerJohnDay/Network/BRAT,1
CRB/Watershed/LowerJohnDay/Network/WRAT,1
CRB/Watershed/LowerJohnDay/Network/GPP,1
CRB/Watershed/LowerJohnDay/Network/Capacity,1
CRB/Watershed/LowerJohnDay/Network/CONFINEMENT,1
CRB/Watershed/LowerJohnDay/Network/EC,1
CRB/Watershed/LowerJohnDay/Network/Solar,1
CRB/Watershed/LowerJohnDay/Network/GNAT,1
CRB/Watershed/LowerJohnDay/Network/StreamTemp/2011/StreamTempMin,1
CRB/Watershed/LowerJohnDay/Network/StreamTemp/2011/StreamTempMax,1
CRB/Watershed/LowerJohnDay/Network/StreamTemp/2011/StreamTempMean,1
CRB/Watershed/LowerJohnDay/Network/StreamTemp/2012/StreamTempMin,1
CRB/Watershed/LowerJohnDay/Network/StreamTemp/2012/StreamTempMax,1
CRB/Watershed/LowerJohnDay/Network/StreamTemp/2012/StreamTempMean,1
CRB/Watershed/LowerJohnDay/Network/StreamTemp/2013/StreamTempMin,1
CRB/Watershed/LowerJohnDay/Network/StreamTemp/2013/StreamTempMax,1
CRB/Watershed/LowerJohnDay/Network/StreamTemp/2013/StreamTempMean,1
CRB/Watershed/LowerJohnDay/Network/StreamTemp/2014/StreamTempMin,1
CRB/Watershed/LowerJohnDay/Network/StreamTemp/2014/StreamTempMax,1
CRB/Watershed/LowerJohnDay/Network/StreamTemp/2014/StreamTempMean,1
CRB/Watershed/LowerJohnDay/Network/StreamTemp/2015/StreamTempMin,1
CRB/Watershed/LowerJohnDay/Network/StreamTemp/2015/StreamTempMax,1
CRB/Watershed/LowerJohnDay/Network/StreamTemp/2015/StreamTempMean,1
CRB/Watershed/LowerJohnDay/Network/StreamTemp/2016/StreamTempMin,1
CRB/Watershed/LowerJohnDay/Network/StreamTemp/2016/StreamTempMax,1
CRB/Watershed/LowerJohnDay/Network/StreamTemp/2016/StreamTempMean,1
CRB/Watershed/LowerJohnDay/Network/StreamTemp/2017/StreamTempMin,1
CRB/Watershed/LowerJohnDay/Network/StreamTemp/2017/StreamTempMax,1
CRB/Watershed/LowerJohnDay/Network/StreamTemp/2017/StreamTempMean,1
CRB/Watershed/LowerMiddleForkSalmon/GRTS,1
CRB/Watershed/LowerMiddleForkSalmon/Network/VBET,1
CRB/Watershed/LowerMiddleForkSalmon/Network/RVD,1
CRB/Watershed/LowerMiddleForkSalmon/Network/RCA,1
CRB/Watershed/LowerMiddleForkSalmon/Network/BRAT,1
CRB/Watershed/LowerMiddleForkSalmon/Network/WRAT,1
CRB/Watershed/LowerMiddleForkSalmon/Network/GPP,1
CRB/Watershed/LowerMiddleForkSalmon/Network/Capacity,1
CRB/Watershed/LowerMiddleForkSalmon/Network/CONFINEMENT,1
CRB/Watershed/LowerMiddleForkSalmon/Network/EC,1
CRB/Watershed/LowerMiddleForkSalmon/Network/Solar,1
CRB/Watershed/LowerMiddleForkSalmon/Network/GNAT,1
CRB/Watershed/LowerMiddleForkSalmon/Network/StreamTemp/2011/StreamTempMin,1
CRB/Watershed/LowerMiddleForkSalmon/Network/StreamTemp/2011/StreamTempMax,1
CRB/Watershed/LowerMiddleForkSalmon/Network/StreamTemp/2011/StreamTempMean,1
CRB/Watershed/LowerMiddleForkSalmon/Network/StreamTemp/2012/StreamTempMin,1
CRB/Watershed/LowerMiddleForkSalmon/Network/StreamTemp/2012/StreamTempMax,1
CRB/Watershed/LowerMiddleForkSalmon/Network/StreamTemp/2012/StreamTempMean,1
CRB/Watershed/LowerMiddleForkSalmon/Network/StreamTemp/2013/StreamTempMin,1
CRB/Watershed/LowerMiddleForkSalmon/Network/StreamTemp/2013/StreamTempMax,1
CRB/Watershed/LowerMiddleForkSalmon/Network/StreamTemp/2013/StreamTempMean,1
CRB/Watershed/LowerMiddleForkSalmon/Network/StreamTemp/2014/StreamTempMin,1
CRB/Watershed/LowerMiddleForkSalmon/Network/StreamTemp/2014/StreamTempMax,1
CRB/Watershed/LowerMiddleForkSalmon/Network/StreamTemp/2014/StreamTempMean,1
CRB/Watershed/LowerMiddleForkSalmon/Network/StreamTemp/2015/StreamTempMin,1
CRB/Watershed/LowerMiddleForkSalmon/Network/StreamTemp/2015/StreamTempMax,1
CRB/Watershed/LowerMiddleForkSalmon/Network/StreamTemp/2015/StreamTempMean,1
CRB/Watershed/LowerMiddleForkSalmon/Network/StreamTemp/2016/StreamTempMin,1
CRB/Watershed/LowerMiddleForkSalmon/Network/StreamTemp/2016/StreamTempMax,1
CRB/Watershed/LowerMiddleForkSalmon/Network/StreamTemp/2016/StreamTempMean,1
CRB/Watershed/LowerMiddleForkSalmon/Network/StreamTemp/2017/StreamTempMin,1
CRB/Watershed/LowerMiddleForkSalmon/Network/StreamTemp/2017/StreamTempMax,1
CRB/Watershed/LowerMiddleForkSalmon/Network/StreamTemp/2017/StreamTempMean,1
CRB/Watershed/LowerNorthForkClearwater/GRTS,1
CRB/Watershed/LowerNorthForkClearwater/Network/VBET,1
CRB/Watershed/LowerNorthForkClearwater/Network/RVD,1
CRB/Watershed/LowerNorthForkClearwater/Network/RCA,1
CRB/Watershed/LowerNorthForkClearwater/Network/BRAT,1
CRB/Watershed/LowerNorthForkClearwater/Network/WRAT,1
CRB/Watershed/LowerNorthForkClearwater/Network/GPP,1
CRB/Watershed/LowerNorthForkClearwater/Network/Capacity,1
CRB/Watershed/LowerNorthForkClearwater/Network/CONFINEMENT,1
CRB/Watershed/LowerNorthForkClearwater/Network/EC,1
CRB/Watershed/LowerNorthForkClearwater/Network/Solar,1
CRB/Watershed/LowerNorthForkClearwater/Network/GNAT,1
CRB/Watershed/LowerNorthForkClearwater/Network/StreamTemp/2011/StreamTempMin,1
CRB/Watershed/LowerNorthForkClearwater/Network/StreamTemp/2011/StreamTempMax,1
CRB/Watershed/LowerNorthForkClearwater/Network/StreamTemp/2011/StreamTempMean,1
CRB/Watershed/LowerNorthForkClearwater/Network/StreamTemp/2012/StreamTempMin,1
CRB/Watershed/LowerNorthForkClearwater/Network/StreamTemp/2012/StreamTempMax,1
CRB/Watershed/LowerNorthForkClearwater/Network/StreamTemp/2012/StreamTempMean,1
CRB/Watershed/LowerNorthForkClearwater/Network/StreamTemp/2013/StreamTempMin,1
CRB/Watershed/LowerNorthForkClearwater/Network/StreamTemp/2013/StreamTempMax,1
CRB/Watershed/LowerNorthForkClearwater/Network/StreamTemp/2013/StreamTempMean,1
CRB/Watershed/LowerNorthForkClearwater/Network/StreamTemp/2014/StreamTempMin,1
CRB/Watershed/LowerNorthForkClearwater/Network/StreamTemp/2014/StreamTempMax,1
CRB/Watershed/LowerNorthForkClearwater/Network/StreamTemp/2014/StreamTempMean,1
CRB/Watershed/LowerNorthForkClearwater/Network/StreamTemp/2015/StreamTempMin,1
CRB/Watershed/LowerNorthForkClearwater/Network/StreamTemp/2015/StreamTempMax,1
CRB/Watershed/LowerNorthForkClearwater/Network/StreamTemp/2015/StreamTempMean,1
CRB/Watershed/LowerNorthForkClearwater/Network/StreamTemp/2016/StreamTempMin,1
CRB/Watershed/LowerNorthForkClearwater/Network/StreamTemp/2016/StreamTempMax,1
CRB/Watershed/LowerNorthForkClearwater/Network/StreamTemp/2016/StreamTempMean,1
CRB/Watershed/LowerNorthForkClearwater/Network/StreamTemp/2017/StreamTempMin,1
CRB/Watershed/LowerNorthForkClearwater/Network/StreamTemp/2017/StreamTempMax,1
CRB/Watershed/LowerNorthForkClearwater/Network/StreamTemp/2017/StreamTempMean,1
CRB/Watershed/LowerSalmon/GRTS,1
CRB/Watershed/LowerSalmon/Network/VBET,1
CRB/Watershed/LowerSalmon/Network/RVD,1
CRB/Watershed/LowerSalmon/Network/RCA,1
CRB/Watershed/LowerSalmon/Network/BRAT,1
CRB/Watershed/LowerSalmon/Network/WRAT,1
CRB/Watershed/LowerSalmon/Network/GPP,1
CRB/Watershed/LowerSalmon/Network/Capacity,1
CRB/Watershed/LowerSalmon/Network/CONFINEMENT,1
CRB/Watershed/LowerSalmon/Network/EC,1
CRB/Watershed/LowerSalmon/Network/Solar,1
CRB/Watershed/LowerSalmon/Network/GNAT,1
CRB/Watershed/LowerSalmon/Network/StreamTemp/2011/StreamTempMin,1
CRB/Watershed/LowerSalmon/Network/StreamTemp/2011/StreamTempMax,1
CRB/Watershed/LowerSalmon/Network/StreamTemp/2011/StreamTempMean,1
CRB/Watershed/LowerSalmon/Network/StreamTemp/2012/StreamTempMin,1
CRB/Watershed/LowerSalmon/Network/StreamTemp/2012/StreamTempMax,1
CRB/Watershed/LowerSalmon/Network/StreamTemp/2012/StreamTempMean,1
CRB/Watershed/LowerSalmon/Network/StreamTemp/2013/StreamTempMin,1
CRB/Watershed/LowerSalmon/Network/StreamTemp/2013/StreamTempMax,1
CRB/Watershed/LowerSalmon/Network/StreamTemp/2013/StreamTempMean,1
CRB/Watershed/LowerSalmon/Network/StreamTemp/2014/StreamTempMin,1
CRB/Watershed/LowerSalmon/Network/StreamTemp/2014/StreamTempMax,1
CRB/Watershed/LowerSalmon/Network/StreamTemp/2014/StreamTempMean,1
CRB/Watershed/LowerSalmon/Network/StreamTemp/2015/StreamTempMin,1
CRB/Watershed/LowerSalmon/Network/StreamTemp/2015/StreamTempMax,1
CRB/Watershed/LowerSalmon/Network/StreamTemp/2015/StreamTempMean,1
CRB/Watershed/LowerSalmon/Network/StreamTemp/2016/StreamTempMin,1
CRB/Watershed/LowerSalmon/Network/StreamTemp/2016/StreamTempMax,1
CRB/Watershed/LowerSalmon/Network/StreamTemp/2016/StreamTempMean,1
CRB/Watershed/LowerSalmon/Network/StreamTemp/2017/StreamTempMin,1
CRB/Watershed/LowerSalmon/Network/StreamTemp/2017/StreamTempMax,1
CRB/Watershed/LowerSalmon/Network/StreamTemp/2017/StreamTempMean,1
CRB/Watershed/LowerSelway/GRTS,1
CRB/Watershed/LowerSelway/Network/VBET,1
CRB/Watershed/LowerSelway/Network/RVD,1
CRB/Watershed/LowerSelway/Network/RCA,1
CRB/Watershed/LowerSelway/Network/BRAT,1
CRB/Watershed/LowerSelway/Network/WRAT,1
CRB/Watershed/LowerSelway/Network/GPP,1
CRB/Watershed/LowerSelway/Network/Capacity,1
CRB/Watershed/LowerSelway/Network/CONFINEMENT,1
CRB/Watershed/LowerSelway/Network/EC,1
CRB/Watershed/LowerSelway/Network/Solar,1
CRB/Watershed/LowerSelway/Network/GNAT,1
CRB/Watershed/LowerSelway/Network/StreamTemp/2011/StreamTempMin,1
CRB/Watershed/LowerSelway/Network/StreamTemp/2011/StreamTempMax,1
CRB/Watershed/LowerSelway/Network/StreamTemp/2011/StreamTempMean,1
CRB/Watershed/LowerSelway/Network/StreamTemp/2012/StreamTempMin,1
CRB/Watershed/LowerSelway/Network/StreamTemp/2012/StreamTempMax,1
CRB/Watershed/LowerSelway/Network/StreamTemp/2012/StreamTempMean,1
CRB/Watershed/LowerSelway/Network/StreamTemp/2013/StreamTempMin,1
CRB/Watershed/LowerSelway/Network/StreamTemp/2013/StreamTempMax,1
CRB/Watershed/LowerSelway/Network/StreamTemp/2013/StreamTempMean,1
CRB/Watershed/LowerSelway/Network/StreamTemp/2014/StreamTempMin,1
CRB/Watershed/LowerSelway/Network/StreamTemp/2014/StreamTempMax,1
CRB/Watershed/LowerSelway/Network/StreamTemp/2014/StreamTempMean,1
CRB/Watershed/LowerSelway/Network/StreamTemp/2015/StreamTempMin,1
CRB/Watershed/LowerSelway/Network/StreamTemp/2015/StreamTempMax,1
CRB/Watershed/LowerSelway/Network/StreamTemp/2015/StreamTempMean,1
CRB/Watershed/LowerSelway/Network/StreamTemp/2016/StreamTempMin,1
CRB/Watershed/LowerSelway/Network/StreamTemp/2016/StreamTempMax,1
CRB/Watershed/LowerSelway/Network/StreamTemp/2016/StreamTempMean,1
CRB/Watershed/LowerSelway/Network/StreamTemp/2017/StreamTempMin,1
CRB/Watershed/LowerSelway/Network/StreamTemp/2017/StreamTempMax,1
CRB/Watershed/LowerSelway/Network/StreamTemp/2017/StreamTempMean,1
CRB/Watershed/Tucannon/GRTS,1
CRB/Watershed/Tucannon/Network/VBET,1
CRB/Watershed/Tucannon/Network/RVD,1
CRB/Watershed/Tucannon/Network/RCA,1
CRB/Watershed/Tucannon/Network/BRAT,1
CRB/Watershed/Tucannon/Network/WRAT,1
CRB/Watershed/Tucannon/Network/GPP,1
CRB/Watershed/Tucannon/Network/Capacity,1
CRB/Watershed/Tucannon/Network/CONFINEMENT,1
CRB/Watershed/Tucannon/Network/EC,1
CRB/Watershed/Tucannon/Network/Solar,1
CRB/Watershed/Tucannon/Network/GNAT,1
CRB/Watershed/Tucannon/Network/StreamTemp/2011/StreamTempMin,1
CRB/Watershed/Tucannon/Network/StreamTemp/2011/StreamTempMax,1
CRB/Watershed/Tucannon/Network/StreamTemp/2011/StreamTempMean,1
CRB/Watershed/Tucannon/Network/StreamTemp/2012/StreamTempMin,1
CRB/Watershed/Tucannon/Network/StreamTemp/2012/StreamTempMax,1
CRB/Watershed/Tucannon/Network/StreamTemp/2012/StreamTempMean,1
CRB/Watershed/Tucannon/Network/StreamTemp/2013/StreamTempMin,1
CRB/Watershed/Tucannon/Network/StreamTemp/2013/StreamTempMax,1
CRB/Watershed/Tucannon/Network/StreamTemp/2013/StreamTempMean,1
CRB/Watershed/Tucannon/Network/StreamTemp/2014/StreamTempMin,1
CRB/Watershed/Tucannon/Network/StreamTemp/2014/StreamTempMax,1
CRB/Watershed/Tucannon/Network/StreamTemp/2014/StreamTempMean,1
CRB/Watershed/Tucannon/Network/StreamTemp/2015/StreamTempMin,1
CRB/Watershed/Tucannon/Network/StreamTemp/2015/StreamTempMax,1
CRB/Watershed/Tucannon/Network/StreamTemp/2015/StreamTempMean,1
CRB/Watershed/Tucannon/Network/StreamTemp/2016/StreamTempMin,1
CRB/Watershed/Tucannon/Network/StreamTemp/2016/StreamTempMax,1
CRB/Watershed/Tucannon/Network/StreamTemp/2016/StreamTempMean,1
CRB/Watershed/Tucannon/Network/StreamTemp/2017/StreamTempMin,1
CRB/Watershed/Tucannon/Network/StreamTemp/2017/StreamTempMax,1
CRB/Watershed/Tucannon/Network/StreamTemp/2017/StreamTempMean,1
CRB/Watershed/LowerYakima/GRTS,1
CRB/Watershed/LowerYakima/Network/VBET,1
CRB/Watershed/LowerYakima/Network/RVD,1
CRB/Watershed/LowerYakima/Network/RCA,1
CRB/Watershed/LowerYakima/Network/BRAT,1
CRB/Watershed/LowerYakima/Network/WRAT,1
CRB/Watershed/LowerYakima/Network/GPP,1
CRB/Watershed/LowerYakima/Network/Capacity,1
CRB/Watershed/LowerYakima/Network/CONFINEMENT,1
CRB/Watershed/LowerYakima/Network/EC,1
CRB/Watershed/LowerYakima/Network/Solar,1
CRB/Watershed/LowerYakima/Network/GNAT,1
CRB/Watershed/LowerYakima/Network/StreamTemp/2011/StreamTempMin,1
CRB/Watershed/LowerYakima/Network/StreamTemp/2011/StreamTempMax,1
CRB/Watershed/LowerYakima/Network/StreamTemp/2011/StreamTempMean,1
CRB/Watershed/LowerYakima/Network/StreamTemp/2012/StreamTempMin,1
CRB/Watershed/LowerYakima/Network/StreamTemp/2012/StreamTempMax,1
CRB/Watershed/LowerYakima/Network/StreamTemp/2012/StreamTempMean,1
CRB/Watershed/LowerYakima/Network/StreamTemp/2013/StreamTempMin,1
CRB/Watershed/LowerYakima/Network/StreamTemp/2013/StreamTempMax,1
CRB/Watershed/LowerYakima/Network/StreamTemp/2013/StreamTempMean,1
CRB/Watershed/LowerYakima/Network/StreamTemp/2014/StreamTempMin,1
CRB/Watershed/LowerYakima/Network/StreamTemp/2014/StreamTempMax,1
CRB/Watershed/LowerYakima/Network/StreamTemp/2014/StreamTempMean,1
CRB/Watershed/LowerYakima/Network/StreamTemp/2015/StreamTempMin,1
CRB/Watershed/LowerYakima/Network/StreamTemp/2015/StreamTempMax,1
CRB/Watershed/LowerYakima/Network/StreamTemp/2015/StreamTempMean,1
CRB/Watershed/LowerYakima/Network/StreamTemp/2016/StreamTempMin,1
CRB/Watershed/LowerYakima/Network/StreamTemp/2016/StreamTempMax,1
CRB/Watershed/LowerYakima/Network/StreamTemp/2016/StreamTempMean,1
CRB/Watershed/LowerYakima/Network/StreamTemp/2017/StreamTempMin,1
CRB/Watershed/LowerYakima/Network/StreamTemp/2017/StreamTempMax,1
CRB/Watershed/LowerYakima/Network/StreamTemp/2017/StreamTempMean,1
CRB/Watershed/Methow/GRTS,1
CRB/Watershed/Methow/Network/VBET,1
CRB/Watershed/Methow/Network/RVD,1
CRB/Watershed/Methow/Network/RCA,1
CRB/Watershed/Methow/Network/BRAT,1
CRB/Watershed/Methow/Network/WRAT,1
CRB/Watershed/Methow/Network/GPP,1
CRB/Watershed/Methow/Network/Capacity,1
CRB/Watershed/Methow/Network/CONFINEMENT,1
CRB/Watershed/Methow/Network/EC,1
CRB/Watershed/Methow/Network/Solar,1
CRB/Watershed/Methow/Network/GNAT,1
CRB/Watershed/Methow/Network/StreamTemp/2011/StreamTempMin,1
CRB/Watershed/Methow/Network/StreamTemp/2011/StreamTempMax,1
CRB/Watershed/Methow/Network/StreamTemp/2011/StreamTempMean,1
CRB/Watershed/Methow/Network/StreamTemp/2012/StreamTempMin,1
CRB/Watershed/Methow/Network/StreamTemp/2012/StreamTempMax,1
CRB/Watershed/Methow/Network/StreamTemp/2012/StreamTempMean,1
CRB/Watershed/Methow/Network/StreamTemp/2013/StreamTempMin,1
CRB/Watershed/Methow/Network/StreamTemp/2013/StreamTempMax,1
CRB/Watershed/Methow/Network/StreamTemp/2013/StreamTempMean,1
CRB/Watershed/Methow/Network/StreamTemp/2014/StreamTempMin,1
CRB/Watershed/Methow/Network/StreamTemp/2014/StreamTempMax,1
CRB/Watershed/Methow/Network/StreamTemp/2014/StreamTempMean,1
CRB/Watershed/Methow/Network/StreamTemp/2015/StreamTempMin,1
CRB/Watershed/Methow/Network/StreamTemp/2015/StreamTempMax,1
CRB/Watershed/Methow/Network/StreamTemp/2015/StreamTempMean,1
CRB/Watershed/Methow/Network/StreamTemp/2016/StreamTempMin,1
CRB/Watershed/Methow/Network/StreamTemp/2016/StreamTempMax,1
CRB/Watershed/Methow/Network/StreamTemp/2016/StreamTempMean,1
CRB/Watershed/Methow/Network/StreamTemp/2017/StreamTempMin,1
CRB/Watershed/Methow/Network/StreamTemp/2017/StreamTempMax,1
CRB/Watershed/Methow/Network/StreamTemp/2017/StreamTempMean,1
CRB/Watershed/MiddleForkClearwater/GRTS,1
CRB/Watershed/MiddleForkClearwater/Network/VBET,1
CRB/Watershed/MiddleForkClearwater/Network/RVD,1
CRB/Watershed/MiddleForkClearwater/Network/RCA,1
CRB/Watershed/MiddleForkClearwater/Network/BRAT,1
CRB/Watershed/MiddleForkClearwater/Network/WRAT,1
CRB/Watershed/MiddleForkClearwater/Network/GPP,1
CRB/Watershed/MiddleForkClearwater/Network/Capacity,1
CRB/Watershed/MiddleForkClearwater/Network/CONFINEMENT,1
CRB/Watershed/MiddleForkClearwater/Network/EC,1
CRB/Watershed/MiddleForkClearwater/Network/Solar,1
CRB/Watershed/MiddleForkClearwater/Network/GNAT,1
CRB/Watershed/MiddleForkClearwater/Network/StreamTemp/2011/StreamTempMin,1
CRB/Watershed/MiddleForkClearwater/Network/StreamTemp/2011/StreamTempMax,1
CRB/Watershed/MiddleForkClearwater/Network/StreamTemp/2011/StreamTempMean,1
CRB/Watershed/MiddleForkClearwater/Network/StreamTemp/2012/StreamTempMin,1
CRB/Watershed/MiddleForkClearwater/Network/StreamTemp/2012/StreamTempMax,1
CRB/Watershed/MiddleForkClearwater/Network/StreamTemp/2012/StreamTempMean,1
CRB/Watershed/MiddleForkClearwater/Network/StreamTemp/2013/StreamTempMin,1
CRB/Watershed/MiddleForkClearwater/Network/StreamTemp/2013/StreamTempMax,1
CRB/Watershed/MiddleForkClearwater/Network/StreamTemp/2013/StreamTempMean,1
CRB/Watershed/MiddleForkClearwater/Network/StreamTemp/2014/StreamTempMin,1
CRB/Watershed/MiddleForkClearwater/Network/StreamTemp/2014/StreamTempMax,1
CRB/Watershed/MiddleForkClearwater/Network/StreamTemp/2014/StreamTempMean,1
CRB/Watershed/MiddleForkClearwater/Network/StreamTemp/2015/StreamTempMin,1
CRB/Watershed/MiddleForkClearwater/Network/StreamTemp/2015/StreamTempMax,1
CRB/Watershed/MiddleForkClearwater/Network/StreamTemp/2015/StreamTempMean,1
CRB/Watershed/MiddleForkClearwater/Network/StreamTemp/2016/StreamTempMin,1
CRB/Watershed/MiddleForkClearwater/Network/StreamTemp/2016/StreamTempMax,1
CRB/Watershed/MiddleForkClearwater/Network/StreamTemp/2016/StreamTempMean,1
CRB/Watershed/MiddleForkClearwater/Network/StreamTemp/2017/StreamTempMin,1
CRB/Watershed/MiddleForkClearwater/Network/StreamTemp/2017/StreamTempMax,1
CRB/Watershed/MiddleForkClearwater/Network/StreamTemp/2017/StreamTempMean,1
CRB/Watershed/LakeWallula/GRTS,1
CRB/Watershed/LakeWallula/Network/VBET,1
CRB/Watershed/LakeWallula/Network/RVD,1
CRB/Watershed/LakeWallula/Network/RCA,1
CRB/Watershed/LakeWallula/Network/BRAT,1
CRB/Watershed/LakeWallula/Network/WRAT,1
CRB/Watershed/LakeWallula/Network/GPP,1
CRB/Watershed/LakeWallula/Network/Capacity,1
CRB/Watershed/LakeWallula/Network/CONFINEMENT,1
CRB/Watershed/LakeWallula/Network/EC,1
CRB/Watershed/LakeWallula/Network/Solar,1
CRB/Watershed/LakeWallula/Network/GNAT,1
CRB/Watershed/LakeWallula/Network/StreamTemp/2011/StreamTempMin,1
CRB/Watershed/LakeWallula/Network/StreamTemp/2011/StreamTempMax,1
CRB/Watershed/LakeWallula/Network/StreamTemp/2011/StreamTempMean,1
CRB/Watershed/LakeWallula/Network/StreamTemp/2012/StreamTempMin,1
CRB/Watershed/LakeWallula/Network/StreamTemp/2012/StreamTempMax,1
CRB/Watershed/LakeWallula/Network/StreamTemp/2012/StreamTempMean,1
CRB/Watershed/LakeWallula/Network/StreamTemp/2013/StreamTempMin,1
CRB/Watershed/LakeWallula/Network/StreamTemp/2013/StreamTempMax,1
CRB/Watershed/LakeWallula/Network/StreamTemp/2013/StreamTempMean,1
CRB/Watershed/LakeWallula/Network/StreamTemp/2014/StreamTempMin,1
CRB/Watershed/LakeWallula/Network/StreamTemp/2014/StreamTempMax,1
CRB/Watershed/LakeWallula/Network/StreamTemp/2014/StreamTempMean,1
CRB/Watershed/LakeWallula/Network/StreamTemp/2015/StreamTempMin,1
CRB/Watershed/LakeWallula/Network/StreamTemp/2015/StreamTempMax,1
CRB/Watershed/LakeWallula/Network/StreamTemp/2015/StreamTempMean,1
CRB/Watershed/LakeWallula/Network/StreamTemp/2016/StreamTempMin,1
CRB/Watershed/LakeWallula/Network/StreamTemp/2016/StreamTempMax,1
CRB/Watershed/LakeWallula/Network/StreamTemp/2016/StreamTempMean,1
CRB/Watershed/LakeWallula/Network/StreamTemp/2017/StreamTempMin,1
CRB/Watershed/LakeWallula/Network/StreamTemp/2017/StreamTempMax,1
CRB/Watershed/LakeWallula/Network/StreamTemp/2017/StreamTempMean,1
CRB/Watershed/MiddleForkJohnDay/GRTS,1
CRB/Watershed/MiddleForkJohnDay/Network/VBET,1
CRB/Watershed/MiddleForkJohnDay/Network/RVD,1
CRB/Watershed/MiddleForkJohnDay/Network/RCA,1
CRB/Watershed/MiddleForkJohnDay/Network/BRAT,1
CRB/Watershed/MiddleForkJohnDay/Network/WRAT,1
CRB/Watershed/MiddleForkJohnDay/Network/GPP,1
CRB/Watershed/MiddleForkJohnDay/Network/Capacity,1
CRB/Watershed/MiddleForkJohnDay/Network/CONFINEMENT,1
CRB/Watershed/MiddleForkJohnDay/Network/EC,1
CRB/Watershed/MiddleForkJohnDay/Network/Solar,1
CRB/Watershed/MiddleForkJohnDay/Network/GNAT,1
CRB/Watershed/MiddleForkJohnDay/Network/StreamTemp/2011/StreamTempMin,1
CRB/Watershed/MiddleForkJohnDay/Network/StreamTemp/2011/StreamTempMax,1
CRB/Watershed/MiddleForkJohnDay/Network/StreamTemp/2011/StreamTempMean,1
CRB/Watershed/MiddleForkJohnDay/Network/StreamTemp/2012/StreamTempMin,1
CRB/Watershed/MiddleForkJohnDay/Network/StreamTemp/2012/StreamTempMax,1
CRB/Watershed/MiddleForkJohnDay/Network/StreamTemp/2012/StreamTempMean,1
CRB/Watershed/MiddleForkJohnDay/Network/StreamTemp/2013/StreamTempMin,1
CRB/Watershed/MiddleForkJohnDay/Network/StreamTemp/2013/StreamTempMax,1
CRB/Watershed/MiddleForkJohnDay/Network/StreamTemp/2013/StreamTempMean,1
CRB/Watershed/MiddleForkJohnDay/Network/StreamTemp/2014/StreamTempMin,1
CRB/Watershed/MiddleForkJohnDay/Network/StreamTemp/2014/StreamTempMax,1
CRB/Watershed/MiddleForkJohnDay/Network/StreamTemp/2014/StreamTempMean,1
CRB/Watershed/MiddleForkJohnDay/Network/StreamTemp/2015/StreamTempMin,1
CRB/Watershed/MiddleForkJohnDay/Network/StreamTemp/2015/StreamTempMax,1
CRB/Watershed/MiddleForkJohnDay/Network/StreamTemp/2015/StreamTempMean,1
CRB/Watershed/MiddleForkJohnDay/Network/StreamTemp/2016/StreamTempMin,1
CRB/Watershed/MiddleForkJohnDay/Network/StreamTemp/2016/StreamTempMax,1
CRB/Watershed/MiddleForkJohnDay/Network/StreamTemp/2016/StreamTempMean,1
CRB/Watershed/MiddleForkJohnDay/Network/StreamTemp/2017/StreamTempMin,1
CRB/Watershed/MiddleForkJohnDay/Network/StreamTemp/2017/StreamTempMax,1
CRB/Watershed/MiddleForkJohnDay/Network/StreamTemp/2017/StreamTempMean,1
CRB/Watershed/MiddleSalmonChamberlain/GRTS,1
CRB/Watershed/MiddleSalmonChamberlain/Network/VBET,1
CRB/Watershed/MiddleSalmonChamberlain/Network/RVD,1
CRB/Watershed/MiddleSalmonChamberlain/Network/RCA,1
CRB/Watershed/MiddleSalmonChamberlain/Network/BRAT,1
CRB/Watershed/MiddleSalmonChamberlain/Network/WRAT,1
CRB/Watershed/MiddleSalmonChamberlain/Network/GPP,1
CRB/Watershed/MiddleSalmonChamberlain/Network/Capacity,1
CRB/Watershed/MiddleSalmonChamberlain/Network/CONFINEMENT,1
CRB/Watershed/MiddleSalmonChamberlain/Network/EC,1
CRB/Watershed/MiddleSalmonChamberlain/Network/Solar,1
CRB/Watershed/MiddleSalmonChamberlain/Network/GNAT,1
CRB/Watershed/MiddleSalmonChamberlain/Network/StreamTemp/2011/StreamTempMin,1
CRB/Watershed/MiddleSalmonChamberlain/Network/StreamTemp/2011/StreamTempMax,1
CRB/Watershed/MiddleSalmonChamberlain/Network/StreamTemp/2011/StreamTempMean,1
CRB/Watershed/MiddleSalmonChamberlain/Network/StreamTemp/2012/StreamTempMin,1
CRB/Watershed/MiddleSalmonChamberlain/Network/StreamTemp/2012/StreamTempMax,1
CRB/Watershed/MiddleSalmonChamberlain/Network/StreamTemp/2012/StreamTempMean,1
CRB/Watershed/MiddleSalmonChamberlain/Network/StreamTemp/2013/StreamTempMin,1
CRB/Watershed/MiddleSalmonChamberlain/Network/StreamTemp/2013/StreamTempMax,1
CRB/Watershed/MiddleSalmonChamberlain/Network/StreamTemp/2013/StreamTempMean,1
CRB/Watershed/MiddleSalmonChamberlain/Network/StreamTemp/2014/StreamTempMin,1
CRB/Watershed/MiddleSalmonChamberlain/Network/StreamTemp/2014/StreamTempMax,1
CRB/Watershed/MiddleSalmonChamberlain/Network/StreamTemp/2014/StreamTempMean,1
CRB/Watershed/MiddleSalmonChamberlain/Network/StreamTemp/2015/StreamTempMin,1
CRB/Watershed/MiddleSalmonChamberlain/Network/StreamTemp/2015/StreamTempMax,1
CRB/Watershed/MiddleSalmonChamberlain/Network/StreamTemp/2015/StreamTempMean,1
CRB/Watershed/MiddleSalmonChamberlain/Network/StreamTemp/2016/StreamTempMin,1
CRB/Watershed/MiddleSalmonChamberlain/Network/StreamTemp/2016/StreamTempMax,1
CRB/Watershed/MiddleSalmonChamberlain/Network/StreamTemp/2016/StreamTempMean,1
CRB/Watershed/MiddleSalmonChamberlain/Network/StreamTemp/2017/StreamTempMin,1
CRB/Watershed/MiddleSalmonChamberlain/Network/StreamTemp/2017/StreamTempMax,1
CRB/Watershed/MiddleSalmonChamberlain/Network/StreamTemp/2017/StreamTempMean,1
CRB/Watershed/MiddleSalmonPanther/GRTS,1
CRB/Watershed/MiddleSalmonPanther/Network/VBET,1
CRB/Watershed/MiddleSalmonPanther/Network/RVD,1
CRB/Watershed/MiddleSalmonPanther/Network/RCA,1
CRB/Watershed/MiddleSalmonPanther/Network/BRAT,1
CRB/Watershed/MiddleSalmonPanther/Network/WRAT,1
CRB/Watershed/MiddleSalmonPanther/Network/GPP,1
CRB/Watershed/MiddleSalmonPanther/Network/Capacity,1
CRB/Watershed/MiddleSalmonPanther/Network/CONFINEMENT,1
CRB/Watershed/MiddleSalmonPanther/Network/EC,1
CRB/Watershed/MiddleSalmonPanther/Network/Solar,1
CRB/Watershed/MiddleSalmonPanther/Network/GNAT,1
CRB/Watershed/MiddleSalmonPanther/Network/StreamTemp/2011/StreamTempMin,1
CRB/Watershed/MiddleSalmonPanther/Network/StreamTemp/2011/StreamTempMax,1
CRB/Watershed/MiddleSalmonPanther/Network/StreamTemp/2011/StreamTempMean,1
CRB/Watershed/MiddleSalmonPanther/Network/StreamTemp/2012/StreamTempMin,1
CRB/Watershed/MiddleSalmonPanther/Network/StreamTemp/2012/StreamTempMax,1
CRB/Watershed/MiddleSalmonPanther/Network/StreamTemp/2012/StreamTempMean,1
CRB/Watershed/MiddleSalmonPanther/Network/StreamTemp/2013/StreamTempMin,1
CRB/Watershed/MiddleSalmonPanther/Network/StreamTemp/2013/StreamTempMax,1
CRB/Watershed/MiddleSalmonPanther/Network/StreamTemp/2013/StreamTempMean,1
CRB/Watershed/MiddleSalmonPanther/Network/StreamTemp/2014/StreamTempMin,1
CRB/Watershed/MiddleSalmonPanther/Network/StreamTemp/2014/StreamTempMax,1
CRB/Watershed/MiddleSalmonPanther/Network/StreamTemp/2014/StreamTempMean,1
CRB/Watershed/MiddleSalmonPanther/Network/StreamTemp/2015/StreamTempMin,1
CRB/Watershed/MiddleSalmonPanther/Network/StreamTemp/2015/StreamTempMax,1
CRB/Watershed/MiddleSalmonPanther/Network/StreamTemp/2015/StreamTempMean,1
CRB/Watershed/MiddleSalmonPanther/Network/StreamTemp/2016/StreamTempMin,1
CRB/Watershed/MiddleSalmonPanther/Network/StreamTemp/2016/StreamTempMax,1
CRB/Watershed/MiddleSalmonPanther/Network/StreamTemp/2016/StreamTempMean,1
CRB/Watershed/MiddleSalmonPanther/Network/StreamTemp/2017/StreamTempMin,1
CRB/Watershed/MiddleSalmonPanther/Network/StreamTemp/2017/StreamTempMax,1
CRB/Watershed/MiddleSalmonPanther/Network/StreamTemp/2017/StreamTempMean,1
CRB/Watershed/Minam/GRTS,1
CRB/Watershed/Minam/Network/VBET,1
CRB/Watershed/Minam/Network/RVD,1
CRB/Watershed/Minam/Network/RCA,1
CRB/Watershed/Minam/Network/BRAT,1
CRB/Watershed/Minam/Network/WRAT,1
CRB/Watershed/Minam/Network/GPP,1
CRB/Watershed/Minam/Network/Capacity,1
CRB/Watershed/Minam/Network/CONFINEMENT,1
CRB/Watershed/Minam/Network/EC,1
CRB/Watershed/Minam/Network/Solar,1
CRB/Watershed/Minam/Network/GNAT,1
CRB/Watershed/Minam/Network/StreamTemp/2011/StreamTempMin,1
CRB/Watershed/Minam/Network/StreamTemp/2011/StreamTempMax,1
CRB/Watershed/Minam/Network/StreamTemp/2011/StreamTempMean,1
CRB/Watershed/Minam/Network/StreamTemp/2012/StreamTempMin,1
CRB/Watershed/Minam/Network/StreamTemp/2012/StreamTempMax,1
CRB/Watershed/Minam/Network/StreamTemp/2012/StreamTempMean,1
CRB/Watershed/Minam/Network/StreamTemp/2013/StreamTempMin,1
CRB/Watershed/Minam/Network/StreamTemp/2013/StreamTempMax,1
CRB/Watershed/Minam/Network/StreamTemp/2013/StreamTempMean,1
CRB/Watershed/Minam/Network/StreamTemp/2014/StreamTempMin,1
CRB/Watershed/Minam/Network/StreamTemp/2014/StreamTempMax,1
CRB/Watershed/Minam/Network/StreamTemp/2014/StreamTempMean,1
CRB/Watershed/Minam/Network/StreamTemp/2015/StreamTempMin,1
CRB/Watershed/Minam/Network/StreamTemp/2015/StreamTempMax,1
CRB/Watershed/Minam/Network/StreamTemp/2015/StreamTempMean,1
CRB/Watershed/Minam/Network/StreamTemp/2016/StreamTempMin,1
CRB/Watershed/Minam/Network/StreamTemp/2016/StreamTempMax,1
CRB/Watershed/Minam/Network/StreamTemp/2016/StreamTempMean,1
CRB/Watershed/Minam/Network/StreamTemp/2017/StreamTempMin,1
CRB/Watershed/Minam/Network/StreamTemp/2017/StreamTempMax,1
CRB/Watershed/Minam/Network/StreamTemp/2017/StreamTempMean,1
CRB/Watershed/Naches/GRTS,1
CRB/Watershed/Naches/Network/VBET,1
CRB/Watershed/Naches/Network/RVD,1
CRB/Watershed/Naches/Network/RCA,1
CRB/Watershed/Naches/Network/BRAT,1
CRB/Watershed/Naches/Network/WRAT,1
CRB/Watershed/Naches/Network/GPP,1
CRB/Watershed/Naches/Network/Capacity,1
CRB/Watershed/Naches/Network/CONFINEMENT,1
CRB/Watershed/Naches/Network/EC,1
CRB/Watershed/Naches/Network/Solar,1
CRB/Watershed/Naches/Network/GNAT,1
CRB/Watershed/Naches/Network/StreamTemp/2011/StreamTempMin,1
CRB/Watershed/Naches/Network/StreamTemp/2011/StreamTempMax,1
CRB/Watershed/Naches/Network/StreamTemp/2011/StreamTempMean,1
CRB/Watershed/Naches/Network/StreamTemp/2012/StreamTempMin,1
CRB/Watershed/Naches/Network/StreamTemp/2012/StreamTempMax,1
CRB/Watershed/Naches/Network/StreamTemp/2012/StreamTempMean,1
CRB/Watershed/Naches/Network/StreamTemp/2013/StreamTempMin,1
CRB/Watershed/Naches/Network/StreamTemp/2013/StreamTempMax,1
CRB/Watershed/Naches/Network/StreamTemp/2013/StreamTempMean,1
CRB/Watershed/Naches/Network/StreamTemp/2014/StreamTempMin,1
CRB/Watershed/Naches/Network/StreamTemp/2014/StreamTempMax,1
CRB/Watershed/Naches/Network/StreamTemp/2014/StreamTempMean,1
CRB/Watershed/Naches/Network/StreamTemp/2015/StreamTempMin,1
CRB/Watershed/Naches/Network/StreamTemp/2015/StreamTempMax,1
CRB/Watershed/Naches/Network/StreamTemp/2015/StreamTempMean,1
CRB/Watershed/Naches/Network/StreamTemp/2016/StreamTempMin,1
CRB/Watershed/Naches/Network/StreamTemp/2016/StreamTempMax,1
CRB/Watershed/Naches/Network/StreamTemp/2016/StreamTempMean,1
CRB/Watershed/Naches/Network/StreamTemp/2017/StreamTempMin,1
CRB/Watershed/Naches/Network/StreamTemp/2017/StreamTempMax,1
CRB/Watershed/Naches/Network/StreamTemp/2017/StreamTempMean,1
CRB/Watershed/NorthForkJohnDay/GRTS,1
CRB/Watershed/NorthForkJohnDay/Network/VBET,1
CRB/Watershed/NorthForkJohnDay/Network/RVD,1
CRB/Watershed/NorthForkJohnDay/Network/RCA,1
CRB/Watershed/NorthForkJohnDay/Network/BRAT,1
CRB/Watershed/NorthForkJohnDay/Network/WRAT,1
CRB/Watershed/NorthForkJohnDay/Network/GPP,1
CRB/Watershed/NorthForkJohnDay/Network/Capacity,1
CRB/Watershed/NorthForkJohnDay/Network/CONFINEMENT,1
CRB/Watershed/NorthForkJohnDay/Network/EC,1
CRB/Watershed/NorthForkJohnDay/Network/Solar,1
CRB/Watershed/NorthForkJohnDay/Network/GNAT,1
CRB/Watershed/NorthForkJohnDay/Network/StreamTemp/2011/StreamTempMin,1
CRB/Watershed/NorthForkJohnDay/Network/StreamTemp/2011/StreamTempMax,1
CRB/Watershed/NorthForkJohnDay/Network/StreamTemp/2011/StreamTempMean,1
CRB/Watershed/NorthForkJohnDay/Network/StreamTemp/2012/StreamTempMin,1
CRB/Watershed/NorthForkJohnDay/Network/StreamTemp/2012/StreamTempMax,1
CRB/Watershed/NorthForkJohnDay/Network/StreamTemp/2012/StreamTempMean,1
CRB/Watershed/NorthForkJohnDay/Network/StreamTemp/2013/StreamTempMin,1
CRB/Watershed/NorthForkJohnDay/Network/StreamTemp/2013/StreamTempMax,1
CRB/Watershed/NorthForkJohnDay/Network/StreamTemp/2013/StreamTempMean,1
CRB/Watershed/NorthForkJohnDay/Network/StreamTemp/2014/StreamTempMin,1
CRB/Watershed/NorthForkJohnDay/Network/StreamTemp/2014/StreamTempMax,1
CRB/Watershed/NorthForkJohnDay/Network/StreamTemp/2014/StreamTempMean,1
CRB/Watershed/NorthForkJohnDay/Network/StreamTemp/2015/StreamTempMin,1
CRB/Watershed/NorthForkJohnDay/Network/StreamTemp/2015/StreamTempMax,1
CRB/Watershed/NorthForkJohnDay/Network/StreamTemp/2015/StreamTempMean,1
CRB/Watershed/NorthForkJohnDay/Network/StreamTemp/2016/StreamTempMin,1
CRB/Watershed/NorthForkJohnDay/Network/StreamTemp/2016/StreamTempMax,1
CRB/Watershed/NorthForkJohnDay/Network/StreamTemp/2016/StreamTempMean,1
CRB/Watershed/NorthForkJohnDay/Network/StreamTemp/2017/StreamTempMin,1
CRB/Watershed/NorthForkJohnDay/Network/StreamTemp/2017/StreamTempMax,1
CRB/Watershed/NorthForkJohnDay/Network/StreamTemp/2017/StreamTempMean,1
CRB/Watershed/Okanogan/GRTS,1
CRB/Watershed/Okanogan/Network/VBET,1
CRB/Watershed/Okanogan/Network/RVD,1
CRB/Watershed/Okanogan/Network/RCA,1
CRB/Watershed/Okanogan/Network/BRAT,1
CRB/Watershed/Okanogan/Network/WRAT,1
CRB/Watershed/Okanogan/Network/GPP,1
CRB/Watershed/Okanogan/Network/Capacity,1
CRB/Watershed/Okanogan/Network/CONFINEMENT,1
CRB/Watershed/Okanogan/Network/EC,1
CRB/Watershed/Okanogan/Network/Solar,1
CRB/Watershed/Okanogan/Network/GNAT,1
CRB/Watershed/Okanogan/Network/StreamTemp/2011/StreamTempMin,1
CRB/Watershed/Okanogan/Network/StreamTemp/2011/StreamTempMax,1
CRB/Watershed/Okanogan/Network/StreamTemp/2011/StreamTempMean,1
CRB/Watershed/Okanogan/Network/StreamTemp/2012/StreamTempMin,1
CRB/Watershed/Okanogan/Network/StreamTemp/2012/StreamTempMax,1
CRB/Watershed/Okanogan/Network/StreamTemp/2012/StreamTempMean,1
CRB/Watershed/Okanogan/Network/StreamTemp/2013/StreamTempMin,1
CRB/Watershed/Okanogan/Network/StreamTemp/2013/StreamTempMax,1
CRB/Watershed/Okanogan/Network/StreamTemp/2013/StreamTempMean,1
CRB/Watershed/Okanogan/Network/StreamTemp/2014/StreamTempMin,1
CRB/Watershed/Okanogan/Network/StreamTemp/2014/StreamTempMax,1
CRB/Watershed/Okanogan/Network/StreamTemp/2014/StreamTempMean,1
CRB/Watershed/Okanogan/Network/StreamTemp/2015/StreamTempMin,1
CRB/Watershed/Okanogan/Network/StreamTemp/2015/StreamTempMax,1
CRB/Watershed/Okanogan/Network/StreamTemp/2015/StreamTempMean,1
CRB/Watershed/Okanogan/Network/StreamTemp/2016/StreamTempMin,1
CRB/Watershed/Okanogan/Network/StreamTemp/2016/StreamTempMax,1
CRB/Watershed/Okanogan/Network/StreamTemp/2016/StreamTempMean,1
CRB/Watershed/Okanogan/Network/StreamTemp/2017/StreamTempMin,1
CRB/Watershed/Okanogan/Network/StreamTemp/2017/StreamTempMax,1
CRB/Watershed/Okanogan/Network/StreamTemp/2017/StreamTempMean,1
CRB/Watershed/Pahsimeroi/GRTS,1
CRB/Watershed/Pahsimeroi/Network/VBET,1
CRB/Watershed/Pahsimeroi/Network/RVD,1
CRB/Watershed/Pahsimeroi/Network/RCA,1
CRB/Watershed/Pahsimeroi/Network/BRAT,1
CRB/Watershed/Pahsimeroi/Network/WRAT,1
CRB/Watershed/Pahsimeroi/Network/GPP,1
CRB/Watershed/Pahsimeroi/Network/Capacity,1
CRB/Watershed/Pahsimeroi/Network/CONFINEMENT,1
CRB/Watershed/Pahsimeroi/Network/EC,1
CRB/Watershed/Pahsimeroi/Network/Solar,1
CRB/Watershed/Pahsimeroi/Network/GNAT,1
CRB/Watershed/Pahsimeroi/Network/StreamTemp/2011/StreamTempMin,1
CRB/Watershed/Pahsimeroi/Network/StreamTemp/2011/StreamTempMax,1
CRB/Watershed/Pahsimeroi/Network/StreamTemp/2011/StreamTempMean,1
CRB/Watershed/Pahsimeroi/Network/StreamTemp/2012/StreamTempMin,1
CRB/Watershed/Pahsimeroi/Network/StreamTemp/2012/StreamTempMax,1
CRB/Watershed/Pahsimeroi/Network/StreamTemp/2012/StreamTempMean,1
CRB/Watershed/Pahsimeroi/Network/StreamTemp/2013/StreamTempMin,1
CRB/Watershed/Pahsimeroi/Network/StreamTemp/2013/StreamTempMax,1
CRB/Watershed/Pahsimeroi/Network/StreamTemp/2013/StreamTempMean,1
CRB/Watershed/Pahsimeroi/Network/StreamTemp/2014/StreamTempMin,1
CRB/Watershed/Pahsimeroi/Network/StreamTemp/2014/StreamTempMax,1
CRB/Watershed/Pahsimeroi/Network/StreamTemp/2014/StreamTempMean,1
CRB/Watershed/Pahsimeroi/Network/StreamTemp/2015/StreamTempMin,1
CRB/Watershed/Pahsimeroi/Network/StreamTemp/2015/StreamTempMax,1
CRB/Watershed/Pahsimeroi/Network/StreamTemp/2015/StreamTempMean,1
CRB/Watershed/Pahsimeroi/Network/StreamTemp/2016/StreamTempMin,1
CRB/Watershed/Pahsimeroi/Network/StreamTemp/2016/StreamTempMax,1
CRB/Watershed/Pahsimeroi/Network/StreamTemp/2016/StreamTempMean,1
CRB/Watershed/Pahsimeroi/Network/StreamTemp/2017/StreamTempMin,1
CRB/Watershed/Pahsimeroi/Network/StreamTemp/2017/StreamTempMax,1
CRB/Watershed/Pahsimeroi/Network/StreamTemp/2017/StreamTempMean,1
CRB/Watershed/Secesh/GRTS,1
CRB/Watershed/Secesh/Network/VBET,1
CRB/Watershed/Secesh/Network/RVD,1
CRB/Watershed/Secesh/Network/RCA,1
CRB/Watershed/Secesh/Network/BRAT,1
CRB/Watershed/Secesh/Network/WRAT,1
CRB/Watershed/Secesh/Network/GPP,1
CRB/Watershed/Secesh/Network/Capacity,1
CRB/Watershed/Secesh/Network/CONFINEMENT,1
CRB/Watershed/Secesh/Network/EC,1
CRB/Watershed/Secesh/Network/Solar,1
CRB/Watershed/Secesh/Network/GNAT,1
CRB/Watershed/Secesh/Network/StreamTemp/2011/StreamTempMin,1
CRB/Watershed/Secesh/Network/StreamTemp/2011/StreamTempMax,1
CRB/Watershed/Secesh/Network/StreamTemp/2011/StreamTempMean,1
CRB/Watershed/Secesh/Network/StreamTemp/2012/StreamTempMin,1
CRB/Watershed/Secesh/Network/StreamTemp/2012/StreamTempMax,1
CRB/Watershed/Secesh/Network/StreamTemp/2012/StreamTempMean,1
CRB/Watershed/Secesh/Network/StreamTemp/2013/StreamTempMin,1
CRB/Watershed/Secesh/Network/StreamTemp/2013/StreamTempMax,1
CRB/Watershed/Secesh/Network/StreamTemp/2013/StreamTempMean,1
CRB/Watershed/Secesh/Network/StreamTemp/2014/StreamTempMin,1
CRB/Watershed/Secesh/Network/StreamTemp/2014/StreamTempMax,1
CRB/Watershed/Secesh/Network/StreamTemp/2014/StreamTempMean,1
CRB/Watershed/Secesh/Network/StreamTemp/2015/StreamTempMin,1
CRB/Watershed/Secesh/Network/StreamTemp/2015/StreamTempMax,1
CRB/Watershed/Secesh/Network/StreamTemp/2015/StreamTempMean,1
CRB/Watershed/Secesh/Network/StreamTemp/2016/StreamTempMin,1
CRB/Watershed/Secesh/Network/StreamTemp/2016/StreamTempMax,1
CRB/Watershed/Secesh/Network/StreamTemp/2016/StreamTempMean,1
CRB/Watershed/Secesh/Network/StreamTemp/2017/StreamTempMin,1
CRB/Watershed/Secesh/Network/StreamTemp/2017/StreamTempMax,1
CRB/Watershed/Secesh/Network/StreamTemp/2017/StreamTempMean,1
CRB/Watershed/SouthForkClearwater/GRTS,1
CRB/Watershed/SouthForkClearwater/Network/VBET,1
CRB/Watershed/SouthForkClearwater/Network/RVD,1
CRB/Watershed/SouthForkClearwater/Network/RCA,1
CRB/Watershed/SouthForkClearwater/Network/BRAT,1
CRB/Watershed/SouthForkClearwater/Network/WRAT,1
CRB/Watershed/SouthForkClearwater/Network/GPP,1
CRB/Watershed/SouthForkClearwater/Network/Capacity,1
CRB/Watershed/SouthForkClearwater/Network/CONFINEMENT,1
CRB/Watershed/SouthForkClearwater/Network/EC,1
CRB/Watershed/SouthForkClearwater/Network/Solar,1
CRB/Watershed/SouthForkClearwater/Network/GNAT,1
CRB/Watershed/SouthForkClearwater/Network/StreamTemp/2011/StreamTempMin,1
CRB/Watershed/SouthForkClearwater/Network/StreamTemp/2011/StreamTempMax,1
CRB/Watershed/SouthForkClearwater/Network/StreamTemp/2011/StreamTempMean,1
CRB/Watershed/SouthForkClearwater/Network/StreamTemp/2012/StreamTempMin,1
CRB/Watershed/SouthForkClearwater/Network/StreamTemp/2012/StreamTempMax,1
CRB/Watershed/SouthForkClearwater/Network/StreamTemp/2012/StreamTempMean,1
CRB/Watershed/SouthForkClearwater/Network/StreamTemp/2013/StreamTempMin,1
CRB/Watershed/SouthForkClearwater/Network/StreamTemp/2013/StreamTempMax,1
CRB/Watershed/SouthForkClearwater/Network/StreamTemp/2013/StreamTempMean,1
CRB/Watershed/SouthForkClearwater/Network/StreamTemp/2014/StreamTempMin,1
CRB/Watershed/SouthForkClearwater/Network/StreamTemp/2014/StreamTempMax,1
CRB/Watershed/SouthForkClearwater/Network/StreamTemp/2014/StreamTempMean,1
CRB/Watershed/SouthForkClearwater/Network/StreamTemp/2015/StreamTempMin,1
CRB/Watershed/SouthForkClearwater/Network/StreamTemp/2015/StreamTempMax,1
CRB/Watershed/SouthForkClearwater/Network/StreamTemp/2015/StreamTempMean,1
CRB/Watershed/SouthForkClearwater/Network/StreamTemp/2016/StreamTempMin,1
CRB/Watershed/SouthForkClearwater/Network/StreamTemp/2016/StreamTempMax,1
CRB/Watershed/SouthForkClearwater/Network/StreamTemp/2016/StreamTempMean,1
CRB/Watershed/SouthForkClearwater/Network/StreamTemp/2017/StreamTempMin,1
CRB/Watershed/SouthForkClearwater/Network/StreamTemp/2017/StreamTempMax,1
CRB/Watershed/SouthForkClearwater/Network/StreamTemp/2017/StreamTempMean,1
CRB/Watershed/SouthForkSalmon/GRTS,1
CRB/Watershed/SouthForkSalmon/Network/VBET,1
CRB/Watershed/SouthForkSalmon/Network/RVD,1
CRB/Watershed/SouthForkSalmon/Network/RCA,1
CRB/Watershed/SouthForkSalmon/Network/BRAT,1
CRB/Watershed/SouthForkSalmon/Network/WRAT,1
CRB/Watershed/SouthForkSalmon/Network/GPP,1
CRB/Watershed/SouthForkSalmon/Network/Capacity,1
CRB/Watershed/SouthForkSalmon/Network/CONFINEMENT,1
CRB/Watershed/SouthForkSalmon/Network/EC,1
CRB/Watershed/SouthForkSalmon/Network/Solar,1
CRB/Watershed/SouthForkSalmon/Network/GNAT,1
CRB/Watershed/SouthForkSalmon/Network/StreamTemp/2011/StreamTempMin,1
CRB/Watershed/SouthForkSalmon/Network/StreamTemp/2011/StreamTempMax,1
CRB/Watershed/SouthForkSalmon/Network/StreamTemp/2011/StreamTempMean,1
CRB/Watershed/SouthForkSalmon/Network/StreamTemp/2012/StreamTempMin,1
CRB/Watershed/SouthForkSalmon/Network/StreamTemp/2012/StreamTempMax,1
CRB/Watershed/SouthForkSalmon/Network/StreamTemp/2012/StreamTempMean,1
CRB/Watershed/SouthForkSalmon/Network/StreamTemp/2013/StreamTempMin,1
CRB/Watershed/SouthForkSalmon/Network/StreamTemp/2013/StreamTempMax,1
CRB/Watershed/SouthForkSalmon/Network/StreamTemp/2013/StreamTempMean,1
CRB/Watershed/SouthForkSalmon/Network/StreamTemp/2014/StreamTempMin,1
CRB/Watershed/SouthForkSalmon/Network/StreamTemp/2014/StreamTempMax,1
CRB/Watershed/SouthForkSalmon/Network/StreamTemp/2014/StreamTempMean,1
CRB/Watershed/SouthForkSalmon/Network/StreamTemp/2015/StreamTempMin,1
CRB/Watershed/SouthForkSalmon/Network/StreamTemp/2015/StreamTempMax,1
CRB/Watershed/SouthForkSalmon/Network/StreamTemp/2015/StreamTempMean,1
CRB/Watershed/SouthForkSalmon/Network/StreamTemp/2016/StreamTempMin,1
CRB/Watershed/SouthForkSalmon/Network/StreamTemp/2016/StreamTempMax,1
CRB/Watershed/SouthForkSalmon/Network/StreamTemp/2016/StreamTempMean,1
CRB/Watershed/SouthForkSalmon/Network/StreamTemp/2017/StreamTempMin,1
CRB/Watershed/SouthForkSalmon/Network/StreamTemp/2017/StreamTempMax,1
CRB/Watershed/SouthForkSalmon/Network/StreamTemp/2017/StreamTempMean,1
CRB/Watershed/SouthForkJohnDay/GRTS,1
CRB/Watershed/SouthForkJohnDay/Network/VBET,1
CRB/Watershed/SouthForkJohnDay/Network/RVD,1
CRB/Watershed/SouthForkJohnDay/Network/RCA,1
CRB/Watershed/SouthForkJohnDay/Network/BRAT,1
CRB/Watershed/SouthForkJohnDay/Network/WRAT,1
CRB/Watershed/SouthForkJohnDay/Network/GPP,1
CRB/Watershed/SouthForkJohnDay/Network/Capacity,1
CRB/Watershed/SouthForkJohnDay/Network/CONFINEMENT,1
CRB/Watershed/SouthForkJohnDay/Network/EC,1
CRB/Watershed/SouthForkJohnDay/Network/Solar,1
CRB/Watershed/SouthForkJohnDay/Network/GNAT,1
CRB/Watershed/SouthForkJohnDay/Network/StreamTemp/2011/StreamTempMin,1
CRB/Watershed/SouthForkJohnDay/Network/StreamTemp/2011/StreamTempMax,1
CRB/Watershed/SouthForkJohnDay/Network/StreamTemp/2011/StreamTempMean,1
CRB/Watershed/SouthForkJohnDay/Network/StreamTemp/2012/StreamTempMin,1
CRB/Watershed/SouthForkJohnDay/Network/StreamTemp/2012/StreamTempMax,1
CRB/Watershed/SouthForkJohnDay/Network/StreamTemp/2012/StreamTempMean,1
CRB/Watershed/SouthForkJohnDay/Network/StreamTemp/2013/StreamTempMin,1
CRB/Watershed/SouthForkJohnDay/Network/StreamTemp/2013/StreamTempMax,1
CRB/Watershed/SouthForkJohnDay/Network/StreamTemp/2013/StreamTempMean,1
CRB/Watershed/SouthForkJohnDay/Network/StreamTemp/2014/StreamTempMin,1
CRB/Watershed/SouthForkJohnDay/Network/StreamTemp/2014/StreamTempMax,1
CRB/Watershed/SouthForkJohnDay/Network/StreamTemp/2014/StreamTempMean,1
CRB/Watershed/SouthForkJohnDay/Network/StreamTemp/2015/StreamTempMin,1
CRB/Watershed/SouthForkJohnDay/Network/StreamTemp/2015/StreamTempMax,1
CRB/Watershed/SouthForkJohnDay/Network/StreamTemp/2015/StreamTempMean,1
CRB/Watershed/SouthForkJohnDay/Network/StreamTemp/2016/StreamTempMin,1
CRB/Watershed/SouthForkJohnDay/Network/StreamTemp/2016/StreamTempMax,1
CRB/Watershed/SouthForkJohnDay/Network/StreamTemp/2016/StreamTempMean,1
CRB/Watershed/SouthForkJohnDay/Network/StreamTemp/2017/StreamTempMin,1
CRB/Watershed/SouthForkJohnDay/Network/StreamTemp/2017/StreamTempMax,1
CRB/Watershed/SouthForkJohnDay/Network/StreamTemp/2017/StreamTempMean,1
CRB/Watershed/Umatilla/GRTS,1
CRB/Watershed/Umatilla/Network/VBET,1
CRB/Watershed/Umatilla/Network/RVD,1
CRB/Watershed/Umatilla/Network/RCA,1
CRB/Watershed/Umatilla/Network/BRAT,1
CRB/Watershed/Umatilla/Network/WRAT,1
CRB/Watershed/Umatilla/Network/GPP,1
CRB/Watershed/Umatilla/Network/Capacity,1
CRB/Watershed/Umatilla/Network/CONFINEMENT,1
CRB/Watershed/Umatilla/Network/EC,1
CRB/Watershed/Umatilla/Network/Solar,1
CRB/Watershed/Umatilla/Network/GNAT,1
CRB/Watershed/Umatilla/Network/StreamTemp/2011/StreamTempMin,1
CRB/Watershed/Umatilla/Network/StreamTemp/2011/StreamTempMax,1
CRB/Watershed/Umatilla/Network/StreamTemp/2011/StreamTempMean,1
CRB/Watershed/Umatilla/Network/StreamTemp/2012/StreamTempMin,1
CRB/Watershed/Umatilla/Network/StreamTemp/2012/StreamTempMax,1
CRB/Watershed/Umatilla/Network/StreamTemp/2012/StreamTempMean,1
CRB/Watershed/Umatilla/Network/StreamTemp/2013/StreamTempMin,1
CRB/Watershed/Umatilla/Network/StreamTemp/2013/StreamTempMax,1
CRB/Watershed/Umatilla/Network/StreamTemp/2013/StreamTempMean,1
CRB/Watershed/Umatilla/Network/StreamTemp/2014/StreamTempMin,1
CRB/Watershed/Umatilla/Network/StreamTemp/2014/StreamTempMax,1
CRB/Watershed/Umatilla/Network/StreamTemp/2014/StreamTempMean,1
CRB/Watershed/Umatilla/Network/StreamTemp/2015/StreamTempMin,1
CRB/Watershed/Umatilla/Network/StreamTemp/2015/StreamTempMax,1
CRB/Watershed/Umatilla/Network/StreamTemp/2015/StreamTempMean,1
CRB/Watershed/Umatilla/Network/StreamTemp/2016/StreamTempMin,1
CRB/Watershed/Umatilla/Network/StreamTemp/2016/StreamTempMax,1
CRB/Watershed/Umatilla/Network/StreamTemp/2016/StreamTempMean,1
CRB/Watershed/Umatilla/Network/StreamTemp/2017/StreamTempMin,1
CRB/Watershed/Umatilla/Network/StreamTemp/2017/StreamTempMax,1
CRB/Watershed/Umatilla/Network/StreamTemp/2017/StreamTempMean,1
CRB/Watershed/UpperGrandeRonde/GRTS,1
CRB/Watershed/UpperGrandeRonde/Network/VBET,1
CRB/Watershed/UpperGrandeRonde/Network/RVD,1
CRB/Watershed/UpperGrandeRonde/Network/RCA,1
CRB/Watershed/UpperGrandeRonde/Network/BRAT,1
CRB/Watershed/UpperGrandeRonde/Network/WRAT,1
CRB/Watershed/UpperGrandeRonde/Network/GPP,1
CRB/Watershed/UpperGrandeRonde/Network/Capacity,1
CRB/Watershed/UpperGrandeRonde/Network/CONFINEMENT,1
CRB/Watershed/UpperGrandeRonde/Network/EC,1
CRB/Watershed/UpperGrandeRonde/Network/Solar,1
CRB/Watershed/UpperGrandeRonde/Network/GNAT,1
CRB/Watershed/UpperGrandeRonde/Network/StreamTemp/2011/StreamTempMin,1
CRB/Watershed/UpperGrandeRonde/Network/StreamTemp/2011/StreamTempMax,1
CRB/Watershed/UpperGrandeRonde/Network/StreamTemp/2011/StreamTempMean,1
CRB/Watershed/UpperGrandeRonde/Network/StreamTemp/2012/StreamTempMin,1
CRB/Watershed/UpperGrandeRonde/Network/StreamTemp/2012/StreamTempMax,1
CRB/Watershed/UpperGrandeRonde/Network/StreamTemp/2012/StreamTempMean,1
CRB/Watershed/UpperGrandeRonde/Network/StreamTemp/2013/StreamTempMin,1
CRB/Watershed/UpperGrandeRonde/Network/StreamTemp/2013/StreamTempMax,1
CRB/Watershed/UpperGrandeRonde/Network/StreamTemp/2013/StreamTempMean,1
CRB/Watershed/UpperGrandeRonde/Network/StreamTemp/2014/StreamTempMin,1
CRB/Watershed/UpperGrandeRonde/Network/StreamTemp/2014/StreamTempMax,1
CRB/Watershed/UpperGrandeRonde/Network/StreamTemp/2014/StreamTempMean,1
CRB/Watershed/UpperGrandeRonde/Network/StreamTemp/2015/StreamTempMin,1
CRB/Watershed/UpperGrandeRonde/Network/StreamTemp/2015/StreamTempMax,1
CRB/Watershed/UpperGrandeRonde/Network/StreamTemp/2015/StreamTempMean,1
CRB/Watershed/UpperGrandeRonde/Network/StreamTemp/2016/StreamTempMin,1
CRB/Watershed/UpperGrandeRonde/Network/StreamTemp/2016/StreamTempMax,1
CRB/Watershed/UpperGrandeRonde/Network/StreamTemp/2016/StreamTempMean,1
CRB/Watershed/UpperGrandeRonde/Network/StreamTemp/2017/StreamTempMin,1
CRB/Watershed/UpperGrandeRonde/Network/StreamTemp/2017/StreamTempMax,1
CRB/Watershed/UpperGrandeRonde/Network/StreamTemp/2017/StreamTempMean,1
CRB/Watershed/UpperJohnDay/GRTS,1
CRB/Watershed/UpperJohnDay/Network/VBET,1
CRB/Watershed/UpperJohnDay/Network/RVD,1
CRB/Watershed/UpperJohnDay/Network/RCA,1
CRB/Watershed/UpperJohnDay/Network/BRAT,1
CRB/Watershed/UpperJohnDay/Network/WRAT,1
CRB/Watershed/UpperJohnDay/Network/GPP,1
CRB/Watershed/UpperJohnDay/Network/Capacity,1
CRB/Watershed/UpperJohnDay/Network/CONFINEMENT,1
CRB/Watershed/UpperJohnDay/Network/EC,1
CRB/Watershed/UpperJohnDay/Network/Solar,1
CRB/Watershed/UpperJohnDay/Network/GNAT,1
CRB/Watershed/UpperJohnDay/Network/StreamTemp/2011/StreamTempMin,1
CRB/Watershed/UpperJohnDay/Network/StreamTemp/2011/StreamTempMax,1
CRB/Watershed/UpperJohnDay/Network/StreamTemp/2011/StreamTempMean,1
CRB/Watershed/UpperJohnDay/Network/StreamTemp/2012/StreamTempMin,1
CRB/Watershed/UpperJohnDay/Network/StreamTemp/2012/StreamTempMax,1
CRB/Watershed/UpperJohnDay/Network/StreamTemp/2012/StreamTempMean,1
CRB/Watershed/UpperJohnDay/Network/StreamTemp/2013/StreamTempMin,1
CRB/Watershed/UpperJohnDay/Network/StreamTemp/2013/StreamTempMax,1
CRB/Watershed/UpperJohnDay/Network/StreamTemp/2013/StreamTempMean,1
CRB/Watershed/UpperJohnDay/Network/StreamTemp/2014/StreamTempMin,1
CRB/Watershed/UpperJohnDay/Network/StreamTemp/2014/StreamTempMax,1
CRB/Watershed/UpperJohnDay/Network/StreamTemp/2014/StreamTempMean,1
CRB/Watershed/UpperJohnDay/Network/StreamTemp/2015/StreamTempMin,1
CRB/Watershed/UpperJohnDay/Network/StreamTemp/2015/StreamTempMax,1
CRB/Watershed/UpperJohnDay/Network/StreamTemp/2015/StreamTempMean,1
CRB/Watershed/UpperJohnDay/Network/StreamTemp/2016/StreamTempMin,1
CRB/Watershed/UpperJohnDay/Network/StreamTemp/2016/StreamTempMax,1
CRB/Watershed/UpperJohnDay/Network/StreamTemp/2016/StreamTempMean,1
CRB/Watershed/UpperJohnDay/Network/StreamTemp/2017/StreamTempMin,1
CRB/Watershed/UpperJohnDay/Network/StreamTemp/2017/StreamTempMax,1
CRB/Watershed/UpperJohnDay/Network/StreamTemp/2017/StreamTempMean,1
CRB/Watershed/UpperMiddleForkSalmon/GRTS,1
CRB/Watershed/UpperMiddleForkSalmon/Network/VBET,1
CRB/Watershed/UpperMiddleForkSalmon/Network/RVD,1
CRB/Watershed/UpperMiddleForkSalmon/Network/RCA,1
CRB/Watershed/UpperMiddleForkSalmon/Network/BRAT,1
CRB/Watershed/UpperMiddleForkSalmon/Network/WRAT,1
CRB/Watershed/UpperMiddleForkSalmon/Network/GPP,1
CRB/Watershed/UpperMiddleForkSalmon/Network/Capacity,1
CRB/Watershed/UpperMiddleForkSalmon/Network/CONFINEMENT,1
CRB/Watershed/UpperMiddleForkSalmon/Network/EC,1
CRB/Watershed/UpperMiddleForkSalmon/Network/Solar,1
CRB/Watershed/UpperMiddleForkSalmon/Network/GNAT,1
CRB/Watershed/UpperMiddleForkSalmon/Network/StreamTemp/2011/StreamTempMin,1
CRB/Watershed/UpperMiddleForkSalmon/Network/StreamTemp/2011/StreamTempMax,1
CRB/Watershed/UpperMiddleForkSalmon/Network/StreamTemp/2011/StreamTempMean,1
CRB/Watershed/UpperMiddleForkSalmon/Network/StreamTemp/2012/StreamTempMin,1
CRB/Watershed/UpperMiddleForkSalmon/Network/StreamTemp/2012/StreamTempMax,1
CRB/Watershed/UpperMiddleForkSalmon/Network/StreamTemp/2012/StreamTempMean,1
CRB/Watershed/UpperMiddleForkSalmon/Network/StreamTemp/2013/StreamTempMin,1
CRB/Watershed/UpperMiddleForkSalmon/Network/StreamTemp/2013/StreamTempMax,1
CRB/Watershed/UpperMiddleForkSalmon/Network/StreamTemp/2013/StreamTempMean,1
CRB/Watershed/UpperMiddleForkSalmon/Network/StreamTemp/2014/StreamTempMin,1
CRB/Watershed/UpperMiddleForkSalmon/Network/StreamTemp/2014/StreamTempMax,1
CRB/Watershed/UpperMiddleForkSalmon/Network/StreamTemp/2014/StreamTempMean,1
CRB/Watershed/UpperMiddleForkSalmon/Network/StreamTemp/2015/StreamTempMin,1
CRB/Watershed/UpperMiddleForkSalmon/Network/StreamTemp/2015/StreamTempMax,1
CRB/Watershed/UpperMiddleForkSalmon/Network/StreamTemp/2015/StreamTempMean,1
CRB/Watershed/UpperMiddleForkSalmon/Network/StreamTemp/2016/StreamTempMin,1
CRB/Watershed/UpperMiddleForkSalmon/Network/StreamTemp/2016/StreamTempMax,1
CRB/Watershed/UpperMiddleForkSalmon/Network/StreamTemp/2016/StreamTempMean,1
CRB/Watershed/UpperMiddleForkSalmon/Network/StreamTemp/2017/StreamTempMin,1
CRB/Watershed/UpperMiddleForkSalmon/Network/StreamTemp/2017/StreamTempMax,1
CRB/Watershed/UpperMiddleForkSalmon/Network/StreamTemp/2017/StreamTempMean,1
CRB/Watershed/UpperNorthForkClearwater/GRTS,1
CRB/Watershed/UpperNorthForkClearwater/Network/VBET,1
CRB/Watershed/UpperNorthForkClearwater/Network/RVD,1
CRB/Watershed/UpperNorthForkClearwater/Network/RCA,1
CRB/Watershed/UpperNorthForkClearwater/Network/BRAT,1
CRB/Watershed/UpperNorthForkClearwater/Network/WRAT,1
CRB/Watershed/UpperNorthForkClearwater/Network/GPP,1
CRB/Watershed/UpperNorthForkClearwater/Network/Capacity,1
CRB/Watershed/UpperNorthForkClearwater/Network/CONFINEMENT,1
CRB/Watershed/UpperNorthForkClearwater/Network/EC,1
CRB/Watershed/UpperNorthForkClearwater/Network/Solar,1
CRB/Watershed/UpperNorthForkClearwater/Network/GNAT,1
CRB/Watershed/UpperNorthForkClearwater/Network/StreamTemp/2011/StreamTempMin,1
CRB/Watershed/UpperNorthForkClearwater/Network/StreamTemp/2011/StreamTempMax,1
CRB/Watershed/UpperNorthForkClearwater/Network/StreamTemp/2011/StreamTempMean,1
CRB/Watershed/UpperNorthForkClearwater/Network/StreamTemp/2012/StreamTempMin,1
CRB/Watershed/UpperNorthForkClearwater/Network/StreamTemp/2012/StreamTempMax,1
CRB/Watershed/UpperNorthForkClearwater/Network/StreamTemp/2012/StreamTempMean,1
CRB/Watershed/UpperNorthForkClearwater/Network/StreamTemp/2013/StreamTempMin,1
CRB/Watershed/UpperNorthForkClearwater/Network/StreamTemp/2013/StreamTempMax,1
CRB/Watershed/UpperNorthForkClearwater/Network/StreamTemp/2013/StreamTempMean,1
CRB/Watershed/UpperNorthForkClearwater/Network/StreamTemp/2014/StreamTempMin,1
CRB/Watershed/UpperNorthForkClearwater/Network/StreamTemp/2014/StreamTempMax,1
CRB/Watershed/UpperNorthForkClearwater/Network/StreamTemp/2014/StreamTempMean,1
CRB/Watershed/UpperNorthForkClearwater/Network/StreamTemp/2015/StreamTempMin,1
CRB/Watershed/UpperNorthForkClearwater/Network/StreamTemp/2015/StreamTempMax,1
CRB/Watershed/UpperNorthForkClearwater/Network/StreamTemp/2015/StreamTempMean,1
CRB/Watershed/UpperNorthForkClearwater/Network/StreamTemp/2016/StreamTempMin,1
CRB/Watershed/UpperNorthForkClearwater/Network/StreamTemp/2016/StreamTempMax,1
CRB/Watershed/UpperNorthForkClearwater/Network/StreamTemp/2016/StreamTempMean,1
CRB/Watershed/UpperNorthForkClearwater/Network/StreamTemp/2017/StreamTempMin,1
CRB/Watershed/UpperNorthForkClearwater/Network/StreamTemp/2017/StreamTempMax,1
CRB/Watershed/UpperNorthForkClearwater/Network/StreamTemp/2017/StreamTempMean,1
CRB/Watershed/UpperSalmon/GRTS,1
CRB/Watershed/UpperSalmon/Network/VBET,1
CRB/Watershed/UpperSalmon/Network/RVD,1
CRB/Watershed/UpperSalmon/Network/RCA,1
CRB/Watershed/UpperSalmon/Network/BRAT,1
CRB/Watershed/UpperSalmon/Network/WRAT,1
CRB/Watershed/UpperSalmon/Network/GPP,1
CRB/Watershed/UpperSalmon/Network/Capacity,1
CRB/Watershed/UpperSalmon/Network/CONFINEMENT,1
CRB/Watershed/UpperSalmon/Network/EC,1
CRB/Watershed/UpperSalmon/Network/Solar,1
CRB/Watershed/UpperSalmon/Network/GNAT,1
CRB/Watershed/UpperSalmon/Network/StreamTemp/2011/StreamTempMin,1
CRB/Watershed/UpperSalmon/Network/StreamTemp/2011/StreamTempMax,1
CRB/Watershed/UpperSalmon/Network/StreamTemp/2011/StreamTempMean,1
CRB/Watershed/UpperSalmon/Network/StreamTemp/2012/StreamTempMin,1
CRB/Watershed/UpperSalmon/Network/StreamTemp/2012/StreamTempMax,1
CRB/Watershed/UpperSalmon/Network/StreamTemp/2012/StreamTempMean,1
CRB/Watershed/UpperSalmon/Network/StreamTemp/2013/StreamTempMin,1
CRB/Watershed/UpperSalmon/Network/StreamTemp/2013/StreamTempMax,1
CRB/Watershed/UpperSalmon/Network/StreamTemp/2013/StreamTempMean,1
CRB/Watershed/UpperSalmon/Network/StreamTemp/2014/StreamTempMin,1
CRB/Watershed/UpperSalmon/Network/StreamTemp/2014/StreamTempMax,1
CRB/Watershed/UpperSalmon/Network/StreamTemp/2014/StreamTempMean,1
CRB/Watershed/UpperSalmon/Network/StreamTemp/2015/StreamTempMin,1
CRB/Watershed/UpperSalmon/Network/StreamTemp/2015/StreamTempMax,1
CRB/Watershed/UpperSalmon/Network/StreamTemp/2015/StreamTempMean,1
CRB/Watershed/UpperSalmon/Network/StreamTemp/2016/StreamTempMin,1
CRB/Watershed/UpperSalmon/Network/StreamTemp/2016/StreamTempMax,1
CRB/Watershed/UpperSalmon/Network/StreamTemp/2016/StreamTempMean,1
CRB/Watershed/UpperSalmon/Network/StreamTemp/2017/StreamTempMin,1
CRB/Watershed/UpperSalmon/Network/StreamTemp/2017/StreamTempMax,1
CRB/Watershed/UpperSalmon/Network/StreamTemp/2017/StreamTempMean,1
CRB/Watershed/UpperSelway/GRTS,1
CRB/Watershed/UpperSelway/Network/VBET,1
CRB/Watershed/UpperSelway/Network/RVD,1
CRB/Watershed/UpperSelway/Network/RCA,1
CRB/Watershed/UpperSelway/Network/BRAT,1
CRB/Watershed/UpperSelway/Network/WRAT,1
CRB/Watershed/UpperSelway/Network/GPP,1
CRB/Watershed/UpperSelway/Network/Capacity,1
CRB/Watershed/UpperSelway/Network/CONFINEMENT,1
CRB/Watershed/UpperSelway/Network/EC,1
CRB/Watershed/UpperSelway/Network/Solar,1
CRB/Watershed/UpperSelway/Network/GNAT,1
CRB/Watershed/UpperSelway/Network/StreamTemp/2011/StreamTempMin,1
CRB/Watershed/UpperSelway/Network/StreamTemp/2011/StreamTempMax,1
CRB/Watershed/UpperSelway/Network/StreamTemp/2011/StreamTempMean,1
CRB/Watershed/UpperSelway/Network/StreamTemp/2012/StreamTempMin,1
CRB/Watershed/UpperSelway/Network/StreamTemp/2012/StreamTempMax,1
CRB/Watershed/UpperSelway/Network/StreamTemp/2012/StreamTempMean,1
CRB/Watershed/UpperSelway/Network/StreamTemp/2013/StreamTempMin,1
CRB/Watershed/UpperSelway/Network/StreamTemp/2013/StreamTempMax,1
CRB/Watershed/UpperSelway/Network/StreamTemp/2013/StreamTempMean,1
CRB/Watershed/UpperSelway/Network/StreamTemp/2014/StreamTempMin,1
CRB/Watershed/UpperSelway/Network/StreamTemp/2014/StreamTempMax,1
CRB/Watershed/UpperSelway/Network/StreamTemp/2014/StreamTempMean,1
CRB/Watershed/UpperSelway/Network/StreamTemp/2015/StreamTempMin,1
CRB/Watershed/UpperSelway/Network/StreamTemp/2015/StreamTempMax,1
CRB/Watershed/UpperSelway/Network/StreamTemp/2015/StreamTempMean,1
CRB/Watershed/UpperSelway/Network/StreamTemp/2016/StreamTempMin,1
CRB/Watershed/UpperSelway/Network/StreamTemp/2016/StreamTempMax,1
CRB/Watershed/UpperSelway/Network/StreamTemp/2016/StreamTempMean,1
CRB/Watershed/UpperSelway/Network/StreamTemp/2017/StreamTempMin,1
CRB/Watershed/UpperSelway/Network/StreamTemp/2017/StreamTempMax,1
CRB/Watershed/UpperSelway/Network/StreamTemp/2017/StreamTempMean,1
CRB/Watershed/UpperYakima/GRTS,1
CRB/Watershed/UpperYakima/Network/VBET,1
CRB/Watershed/UpperYakima/Network/RVD,1
CRB/Watershed/UpperYakima/Network/RCA,1
CRB/Watershed/UpperYakima/Network/BRAT,1
CRB/Watershed/UpperYakima/Network/WRAT,1
CRB/Watershed/UpperYakima/Network/GPP,1
CRB/Watershed/UpperYakima/Network/Capacity,1
CRB/Watershed/UpperYakima/Network/CONFINEMENT,1
CRB/Watershed/UpperYakima/Network/EC,1
CRB/Watershed/UpperYakima/Network/Solar,1
CRB/Watershed/UpperYakima/Network/GNAT,1
CRB/Watershed/UpperYakima/Network/StreamTemp/2011/StreamTempMin,1
CRB/Watershed/UpperYakima/Network/StreamTemp/2011/StreamTempMax,1
CRB/Watershed/UpperYakima/Network/StreamTemp/2011/StreamTempMean,1
CRB/Watershed/UpperYakima/Network/StreamTemp/2012/StreamTempMin,1
CRB/Watershed/UpperYakima/Network/StreamTemp/2012/StreamTempMax,1
CRB/Watershed/UpperYakima/Network/StreamTemp/2012/StreamTempMean,1
CRB/Watershed/UpperYakima/Network/StreamTemp/2013/StreamTempMin,1
CRB/Watershed/UpperYakima/Network/StreamTemp/2013/StreamTempMax,1
CRB/Watershed/UpperYakima/Network/StreamTemp/2013/StreamTempMean,1
CRB/Watershed/UpperYakima/Network/StreamTemp/2014/StreamTempMin,1
CRB/Watershed/UpperYakima/Network/StreamTemp/2014/StreamTempMax,1
CRB/Watershed/UpperYakima/Network/StreamTemp/2014/StreamTempMean,1
CRB/Watershed/UpperYakima/Network/StreamTemp/2015/StreamTempMin,1
CRB/Watershed/UpperYakima/Network/StreamTemp/2015/StreamTempMax,1
CRB/Watershed/UpperYakima/Network/StreamTemp/2015/StreamTempMean,1
CRB/Watershed/UpperYakima/Network/StreamTemp/2016/StreamTempMin,1
CRB/Watershed/UpperYakima/Network/StreamTemp/2016/StreamTempMax,1
CRB/Watershed/UpperYakima/Network/StreamTemp/2016/StreamTempMean,1
CRB/Watershed/UpperYakima/Network/StreamTemp/2017/StreamTempMin,1
CRB/Watershed/UpperYakima/Network/StreamTemp/2017/StreamTempMax,1
CRB/Watershed/UpperYakima/Network/StreamTemp/2017/StreamTempMean,1
CRB/Watershed/WallaWalla/GRTS,1
CRB/Watershed/WallaWalla/Network/VBET,1
CRB/Watershed/WallaWalla/Network/RVD,1
CRB/Watershed/WallaWalla/Network/RCA,1
CRB/Watershed/WallaWalla/Network/BRAT,1
CRB/Watershed/WallaWalla/Network/WRAT,1
CRB/Watershed/WallaWalla/Network/GPP,1
CRB/Watershed/WallaWalla/Network/Capacity,1
CRB/Watershed/WallaWalla/Network/CONFINEMENT,1
CRB/Watershed/WallaWalla/Network/EC,1
CRB/Watershed/WallaWalla/Network/Solar,1
CRB/Watershed/WallaWalla/Network/GNAT,1
CRB/Watershed/WallaWalla/Network/StreamTemp/2011/StreamTempMin,1
CRB/Watershed/WallaWalla/Network/StreamTemp/2011/StreamTempMax,1
CRB/Watershed/WallaWalla/Network/StreamTemp/2011/StreamTempMean,1
CRB/Watershed/WallaWalla/Network/StreamTemp/2012/StreamTempMin,1
CRB/Watershed/WallaWalla/Network/StreamTemp/2012/StreamTempMax,1
CRB/Watershed/WallaWalla/Network/StreamTemp/2012/StreamTempMean,1
CRB/Watershed/WallaWalla/Network/StreamTemp/2013/StreamTempMin,1
CRB/Watershed/WallaWalla/Network/StreamTemp/2013/StreamTempMax,1
CRB/Watershed/WallaWalla/Network/StreamTemp/2013/StreamTempMean,1
CRB/Watershed/WallaWalla/Network/StreamTemp/2014/StreamTempMin,1
CRB/Watershed/WallaWalla/Network/StreamTemp/2014/StreamTempMax,1
CRB/Watershed/WallaWalla/Network/StreamTemp/2014/StreamTempMean,1
CRB/Watershed/WallaWalla/Network/StreamTemp/2015/StreamTempMin,1
CRB/Watershed/WallaWalla/Network/StreamTemp/2015/StreamTempMax,1
CRB/Watershed/WallaWalla/Network/StreamTemp/2015/StreamTempMean,1
CRB/Watershed/WallaWalla/Network/StreamTemp/2016/StreamTempMin,1
CRB/Watershed/WallaWalla/Network/StreamTemp/2016/StreamTempMax,1
CRB/Watershed/WallaWalla/Network/StreamTemp/2016/StreamTempMean,1
CRB/Watershed/WallaWalla/Network/StreamTemp/2017/StreamTempMin,1
CRB/Watershed/WallaWalla/Network/StreamTemp/2017/StreamTempMax,1
CRB/Watershed/WallaWalla/Network/StreamTemp/2017/StreamTempMean,1
CRB/Watershed/Wallowa/GRTS,1
CRB/Watershed/Wallowa/Network/VBET,1
CRB/Watershed/Wallowa/Network/RVD,1
CRB/Watershed/Wallowa/Network/RCA,1
CRB/Watershed/Wallowa/Network/BRAT,1
CRB/Watershed/Wallowa/Network/WRAT,1
CRB/Watershed/Wallowa/Network/GPP,1
CRB/Watershed/Wallowa/Network/Capacity,1
CRB/Watershed/Wallowa/Network/CONFINEMENT,1
CRB/Watershed/Wallowa/Network/EC,1
CRB/Watershed/Wallowa/Network/Solar,1
CRB/Watershed/Wallowa/Network/GNAT,1
CRB/Watershed/Wallowa/Network/StreamTemp/2011/StreamTempMin,1
CRB/Watershed/Wallowa/Network/StreamTemp/2011/StreamTempMax,1
CRB/Watershed/Wallowa/Network/StreamTemp/2011/StreamTempMean,1
CRB/Watershed/Wallowa/Network/StreamTemp/2012/StreamTempMin,1
CRB/Watershed/Wallowa/Network/StreamTemp/2012/StreamTempMax,1
CRB/Watershed/Wallowa/Network/StreamTemp/2012/StreamTempMean,1
CRB/Watershed/Wallowa/Network/StreamTemp/2013/StreamTempMin,1
CRB/Watershed/Wallowa/Network/StreamTemp/2013/StreamTempMax,1
CRB/Watershed/Wallowa/Network/StreamTemp/2013/StreamTempMean,1
CRB/Watershed/Wallowa/Network/StreamTemp/2014/StreamTempMin,1
CRB/Watershed/Wallowa/Network/StreamTemp/2014/StreamTempMax,1
CRB/Watershed/Wallowa/Network/StreamTemp/2014/StreamTempMean,1
CRB/Watershed/Wallowa/Network/StreamTemp/2015/StreamTempMin,1
CRB/Watershed/Wallowa/Network/StreamTemp/2015/StreamTempMax,1
CRB/Watershed/Wallowa/Network/StreamTemp/2015/StreamTempMean,1
CRB/Watershed/Wallowa/Network/StreamTemp/2016/StreamTempMin,1
CRB/Watershed/Wallowa/Network/StreamTemp/2016/StreamTempMax,1
CRB/Watershed/Wallowa/Network/StreamTemp/2016/StreamTempMean,1
CRB/Watershed/Wallowa/Network/StreamTemp/2017/StreamTempMin,1
CRB/Watershed/Wallowa/Network/StreamTemp/2017/StreamTempMax,1
CRB/Watershed/Wallowa/Network/StreamTemp/2017/StreamTempMean,1
CRB/Watershed/Wenatchee/GRTS,1
CRB/Watershed/Wenatchee/Network/VBET,1
CRB/Watershed/Wenatchee/Network/RVD,1
CRB/Watershed/Wenatchee/Network/RCA,1
CRB/Watershed/Wenatchee/Network/BRAT,1
CRB/Watershed/Wenatchee/Network/WRAT,1
CRB/Watershed/Wenatchee/Network/GPP,1
CRB/Watershed/Wenatchee/Network/Capacity,1
CRB/Watershed/Wenatchee/Network/CONFINEMENT,1
CRB/Watershed/Wenatchee/Network/EC,1
CRB/Watershed/Wenatchee/Network/Solar,1
CRB/Watershed/Wenatchee/Network/GNAT,1
CRB/Watershed/Wenatchee/Network/StreamTemp/2011/StreamTempMin,1
CRB/Watershed/Wenatchee/Network/StreamTemp/2011/StreamTempMax,1
CRB/Watershed/Wenatchee/Network/StreamTemp/2011/StreamTempMean,1
CRB/Watershed/Wenatchee/Network/StreamTemp/2012/StreamTempMin,1
CRB/Watershed/Wenatchee/Network/StreamTemp/2012/StreamTempMax,1
CRB/Watershed/Wenatchee/Network/StreamTemp/2012/StreamTempMean,1
CRB/Watershed/Wenatchee/Network/StreamTemp/2013/StreamTempMin,1
CRB/Watershed/Wenatchee/Network/StreamTemp/2013/StreamTempMax,1
CRB/Watershed/Wenatchee/Network/StreamTemp/2013/StreamTempMean,1
CRB/Watershed/Wenatchee/Network/StreamTemp/2014/StreamTempMin,1
CRB/Watershed/Wenatchee/Network/StreamTemp/2014/StreamTempMax,1
CRB/Watershed/Wenatchee/Network/StreamTemp/2014/StreamTempMean,1
CRB/Watershed/Wenatchee/Network/StreamTemp/2015/StreamTempMin,1
CRB/Watershed/Wenatchee/Network/StreamTemp/2015/StreamTempMax,1
CRB/Watershed/Wenatchee/Network/StreamTemp/2015/StreamTempMean,1
CRB/Watershed/Wenatchee/Network/StreamTemp/2016/StreamTempMin,1
CRB/Watershed/Wenatchee/Network/StreamTemp/2016/StreamTempMax,1
CRB/Watershed/Wenatchee/Network/StreamTemp/2016/StreamTempMean,1
CRB/Watershed/Wenatchee/Network/StreamTemp/2017/StreamTempMin,1
CRB/Watershed/Wenatchee/Network/StreamTemp/2017/StreamTempMax,1
CRB/Watershed/Wenatchee/Network/StreamTemp/2017/StreamTempMean,1
CRB/Watershed/Willow/GRTS,1
CRB/Watershed/Willow/Network/VBET,1
CRB/Watershed/Willow/Network/RVD,1
CRB/Watershed/Willow/Network/RCA,1
CRB/Watershed/Willow/Network/BRAT,1
CRB/Watershed/Willow/Network/WRAT,1
CRB/Watershed/Willow/Network/GPP,1
CRB/Watershed/Willow/Network/Capacity,1
CRB/Watershed/Willow/Network/CONFINEMENT,1
CRB/Watershed/Willow/Network/EC,1
CRB/Watershed/Willow/Network/Solar,1
CRB/Watershed/Willow/Network/GNAT,1
CRB/Watershed/Willow/Network/StreamTemp/2011/StreamTempMin,1
CRB/Watershed/Willow/Network/StreamTemp/2011/StreamTempMax,1
CRB/Watershed/Willow/Network/StreamTemp/2011/StreamTempMean,1
CRB/Watershed/Willow/Network/StreamTemp/2012/StreamTempMin,1
CRB/Watershed/Willow/Network/StreamTemp/2012/StreamTempMax,1
CRB/Watershed/Willow/Network/StreamTemp/2012/StreamTempMean,1
CRB/Watershed/Willow/Network/StreamTemp/2013/StreamTempMin,1
CRB/Watershed/Willow/Network/StreamTemp/2013/StreamTempMax,1
CRB/Watershed/Willow/Network/StreamTemp/2013/StreamTempMean,1
CRB/Watershed/Willow/Network/StreamTemp/2014/StreamTempMin,1
CRB/Watershed/Willow/Network/StreamTemp/2014/StreamTempMax,1
CRB/Watershed/Willow/Network/StreamTemp/2014/StreamTempMean,1
CRB/Watershed/Willow/Network/StreamTemp/2015/StreamTempMin,1
CRB/Watershed/Willow/Network/StreamTemp/2015/StreamTempMax,1
CRB/Watershed/Willow/Network/StreamTemp/2015/StreamTempMean,1
CRB/Watershed/Willow/Network/StreamTemp/2016/StreamTempMin,1
CRB/Watershed/Willow/Network/StreamTemp/2016/StreamTempMax,1
CRB/Watershed/Willow/Network/StreamTemp/2016/StreamTempMean,1
CRB/Watershed/Willow/Network/StreamTemp/2017/StreamTempMin,1
CRB/Watershed/Willow/Network/StreamTemp/2017/StreamTempMax,1
CRB/Watershed/Willow/Network/StreamTemp/2017/StreamTempMean,1
CRB/Watershed/YankeeFork/GRTS,1
CRB/Watershed/YankeeFork/Network/VBET,1
CRB/Watershed/YankeeFork/Network/RVD,1
CRB/Watershed/YankeeFork/Network/RCA,1
CRB/Watershed/YankeeFork/Network/BRAT,1
CRB/Watershed/YankeeFork/Network/WRAT,1
CRB/Watershed/YankeeFork/Network/GPP,1
CRB/Watershed/YankeeFork/Network/Capacity,1
CRB/Watershed/YankeeFork/Network/CONFINEMENT,1
CRB/Watershed/YankeeFork/Network/EC,1
CRB/Watershed/YankeeFork/Network/Solar,1
CRB/Watershed/YankeeFork/Network/GNAT,1
CRB/Watershed/YankeeFork/Network/StreamTemp/2011/StreamTempMin,1
CRB/Watershed/YankeeFork/Network/StreamTemp/2011/StreamTempMax,1
CRB/Watershed/YankeeFork/Network/StreamTemp/2011/StreamTempMean,1
CRB/Watershed/YankeeFork/Network/StreamTemp/2012/StreamTempMin,1
CRB/Watershed/YankeeFork/Network/StreamTemp/2012/StreamTempMax,1
CRB/Watershed/YankeeFork/Network/StreamTemp/2012/StreamTempMean,1
CRB/Watershed/YankeeFork/Network/StreamTemp/2013/StreamTempMin,1
CRB/Watershed/YankeeFork/Network/StreamTemp/2013/StreamTempMax,1
CRB/Watershed/YankeeFork/Network/StreamTemp/2013/StreamTempMean,1
CRB/Watershed/YankeeFork/Network/StreamTemp/2014/StreamTempMin,1
CRB/Watershed/YankeeFork/Network/StreamTemp/2014/StreamTempMax,1
CRB/Watershed/YankeeFork/Network/StreamTemp/2014/StreamTempMean,1
CRB/Watershed/YankeeFork/Network/StreamTemp/2015/StreamTempMin,1
CRB/Watershed/YankeeFork/Network/StreamTemp/2015/StreamTempMax,1
CRB/Watershed/YankeeFork/Network/StreamTemp/2015/StreamTempMean,1
CRB/Watershed/YankeeFork/Network/StreamTemp/2016/StreamTempMin,1
CRB/Watershed/YankeeFork/Network/StreamTemp/2016/StreamTempMax,1
CRB/Watershed/YankeeFork/Network/StreamTemp/2016/StreamTempMean,1
CRB/Watershed/YankeeFork/Network/StreamTemp/2017/StreamTempMin,1
CRB/Watershed/YankeeFork/Network/StreamTemp/2017/StreamTempMax,1
CRB/Watershed/YankeeFork/Network/StreamTemp/2017/StreamTempMean,1